#
# There is insufficient memory for the Java Runtime Environment to continue.
# Native memory allocation (mmap) failed to map 57671680 bytes. Error detail: G1 virtual space
# Possible reasons:
#   The system is out of physical RAM or swap space
#   This process is running with CompressedOops enabled, and the Java Heap may be blocking the growth of the native heap
# Possible solutions:
#   Reduce memory load on the system
#   Increase physical memory or swap space
#   Check if swap backing store is full
#   Decrease Java heap size (-Xmx/-Xms)
#   Decrease number of Java threads
#   Decrease Java thread stack sizes (-Xss)
#   Set larger code cache with -XX:ReservedCodeCacheSize=
#   JVM is running with Unscaled Compressed Oops mode in which the Java heap is
#     placed in the first 4GB address space. The Java Heap base address is the
#     maximum limit for the native heap growth. Please use -XX:HeapBaseMinAddress
#     to set the Java Heap base and to place the Java Heap above 4GB virtual address.
# This output file may be truncated or incomplete.
#
#  Out of Memory Error (os_windows.cpp:3714), pid=24568, tid=23936
#
# JRE version: OpenJDK Runtime Environment Temurin-21.0.10+7 (21.0.10+7) (build 21.0.10+7-LTS)
# Java VM: OpenJDK 64-Bit Server VM Temurin-21.0.10+7 (21.0.10+7-LTS, mixed mode, sharing, tiered, compressed oops, compressed class ptrs, g1 gc, windows-amd64)
# No core dump will be written. Minidumps are not enabled by default on client versions of Windows
#

---------------  S U M M A R Y ------------

Command Line: --add-opens=java.base/java.lang=ALL-UNNAMED --add-opens=java.base/java.lang.invoke=ALL-UNNAMED --add-opens=java.base/java.util=ALL-UNNAMED --add-opens=java.prefs/java.util.prefs=ALL-UNNAMED --add-exports=jdk.compiler/com.sun.tools.javac.api=ALL-UNNAMED --add-exports=jdk.compiler/com.sun.tools.javac.util=ALL-UNNAMED --add-opens=java.base/java.util=ALL-UNNAMED --add-opens=java.prefs/java.util.prefs=ALL-UNNAMED --add-opens=java.base/java.nio.charset=ALL-UNNAMED --add-opens=java.base/java.net=ALL-UNNAMED --add-opens=java.base/java.util.concurrent.atomic=ALL-UNNAMED --add-opens=java.xml/javax.xml.namespace=ALL-UNNAMED -XX:MaxMetaspaceSize=512m -Xmx2048m -Dfile.encoding=UTF-8 -Duser.country=IN -Duser.language=en -Duser.variant -javaagent:C:\Users\hands\.gradle\wrapper\dists\gradle-8.13-bin\5xuhj0ry160q40clulazy9h7d\gradle-8.13\lib\agents\gradle-instrumentation-agent-8.13.jar org.gradle.launcher.daemon.bootstrap.GradleDaemon 8.13

Host: AMD Ryzen 5 3500U with Radeon Vega Mobile Gfx  , 8 cores, 5G,  Windows 11 , 64 bit Build 22621 (10.0.22621.5415)
Time: Tue Sep  1 01:18:03 2026 India Standard Time elapsed time: 116.301280 seconds (0d 0h 1m 56s)

---------------  T H R E A D  ---------------

Current thread (0x0000019830992ab0):  VMThread "VM Thread"          [id=23936, stack(0x0000001ca2f00000,0x0000001ca3000000) (1024K)]

Stack: [0x0000001ca2f00000,0x0000001ca3000000]
Native frames: (J=compiled Java code, j=interpreted, Vv=VM code, C=native code)
V  [jvm.dll+0x6d7a39]
V  [jvm.dll+0x8b4b26]
V  [jvm.dll+0x8b70de]
V  [jvm.dll+0x8b77c3]
V  [jvm.dll+0x284346]
V  [jvm.dll+0x6d4355]
V  [jvm.dll+0x6c808a]
V  [jvm.dll+0x35edb8]
V  [jvm.dll+0x3669f6]
V  [jvm.dll+0x3b7afe]
V  [jvm.dll+0x3b7da8]
V  [jvm.dll+0x332fbc]
V  [jvm.dll+0x3357d6]
V  [jvm.dll+0x33f7cd]
V  [jvm.dll+0x374e8f]
V  [jvm.dll+0x8bd4b0]
V  [jvm.dll+0x8be824]
V  [jvm.dll+0x8bed50]
V  [jvm.dll+0x8beff3]
V  [jvm.dll+0x85f59d]
V  [jvm.dll+0x6d626d]
C  [ucrtbase.dll+0x29333]
C  [KERNEL32.DLL+0x1259d]
C  [ntdll.dll+0x5af78]

VM_Operation (0x0000001ca2aff980): G1PauseRemark, mode: safepoint, requested by thread 0x0000019813dbba20


---------------  P R O C E S S  ---------------

Threads class SMR info:
_java_thread_list=0x0000019854f9b300, length=145, elements={
0x0000019813d563e0, 0x00000198309ab100, 0x00000198309acf80, 0x00000198309af190,
0x00000198309b1f60, 0x00000198309b3740, 0x00000198309b4c20, 0x00000198309b5c90,
0x00000198309b6860, 0x0000019830c34a00, 0x0000019830c35720, 0x0000019830c35090,
0x0000019830c36440, 0x0000019830c33ce0, 0x0000019830c37160, 0x0000019830c34370,
0x0000019851639370, 0x000001985163adb0, 0x000001985163bad0, 0x000001985163c160,
0x0000019851639a00, 0x0000019851636c10, 0x000001985163a090, 0x0000019851638650,
0x000001985163a720, 0x0000019851637fc0, 0x000001985163ce80, 0x000001985163b440,
0x0000019851638ce0, 0x0000019851636580, 0x0000019851637930, 0x00000198516372a0,
0x00000198525dda20, 0x00000198525dcd00, 0x00000198525da5a0, 0x00000198525dc670,
0x000001985369cff0, 0x00000198536987c0, 0x0000019853698130, 0x00000198536994e0,
0x0000019853697410, 0x000001985369af20, 0x000001985369b5b0, 0x0000019853696d80,
0x000001985369bc40, 0x000001985369c2d0, 0x000001985369c960, 0x000001985369d680,
0x00000198536966f0, 0x000001985369dd10, 0x0000019853697aa0, 0x0000019853698e50,
0x00000198528f5e50, 0x00000198528f85b0, 0x00000198528f92d0, 0x00000198528f7f20,
0x00000198528fad10, 0x00000198528fb3a0, 0x00000198528f7890, 0x00000198528f5130,
0x00000198528f4410, 0x00000198528f7200, 0x00000198528fa680, 0x0000019851c9ca40,
0x0000019851ca2620, 0x0000019851c9d0d0, 0x0000019851c9b690, 0x0000019851c9fec0,
0x0000019851c9bd20, 0x0000019851ca0550, 0x0000019851c9e480, 0x0000019851c9eb10,
0x0000019851c9f830, 0x0000019851ca0be0, 0x0000019851ca1270, 0x00000198528f57c0,
0x00000198528f9ff0, 0x0000019830c35db0, 0x0000019851f72390, 0x0000019851f75180,
0x0000019851f74af0, 0x0000019851f730b0, 0x0000019851f71d00, 0x0000019851f73740,
0x0000019851f73dd0, 0x0000019851f74460, 0x0000019851f72a20, 0x0000019855c4af10,
0x0000019855c4c950, 0x0000019855c4c2c0, 0x0000019855c4bc30, 0x0000019855c4cfe0,
0x0000019855c4d670, 0x0000019855c4a1f0, 0x0000019855c4b5a0, 0x0000019855c4a880,
0x000001985a4ce290, 0x000001985a4c7300, 0x000001985a4ca0f0, 0x000001985a4c86b0,
0x000001985a4ca780, 0x000001985a4cc850, 0x000001985a4ce920, 0x000001985a4c9a60,
0x000001985a4c8020, 0x000001985a4c8d40, 0x000001985a4c93d0, 0x000001985a4c7990,
0x000001985a4cdc00, 0x000001985a4cd570, 0x000001985a4cae10, 0x000001985a4cb4a0,
0x000001985a4cbb30, 0x000001985a4cc1c0, 0x000001985a4ccee0, 0x000001985a792160,
0x000001985a7927f0, 0x000001985a791440, 0x000001985a792e80, 0x000001985a790db0,
0x000001985a791ad0, 0x000001985a793ba0, 0x000001985a793510, 0x000001985a794230,
0x0000019854d60580, 0x0000019854d5eb40, 0x0000019854d63370, 0x0000019854d64720,
0x0000019854d65440, 0x0000019854d63a00, 0x0000019854d64090, 0x0000019854d61930,
0x0000019854d65ad0, 0x000001985545e760, 0x00000198554649d0, 0x0000019855464340,
0x0000019855465d80, 0x0000019855467e50, 0x0000019855469890, 0x000001985a775ac0,
0x000001985afad2d0, 0x000001985afad960, 0x000001985ca70120, 0x000001985c0be860,
0x000001985afadff0
}

Java Threads: ( => current thread )
  0x0000019813d563e0 JavaThread "main"                              [_thread_blocked, id=5628, stack(0x0000001ca2800000,0x0000001ca2900000) (1024K)]
  0x00000198309ab100 JavaThread "Reference Handler"          daemon [_thread_blocked, id=13316, stack(0x0000001ca3000000,0x0000001ca3100000) (1024K)]
  0x00000198309acf80 JavaThread "Finalizer"                  daemon [_thread_blocked, id=6772, stack(0x0000001ca3100000,0x0000001ca3200000) (1024K)]
  0x00000198309af190 JavaThread "Signal Dispatcher"          daemon [_thread_blocked, id=25056, stack(0x0000001ca3200000,0x0000001ca3300000) (1024K)]
  0x00000198309b1f60 JavaThread "Attach Listener"            daemon [_thread_blocked, id=32600, stack(0x0000001ca3300000,0x0000001ca3400000) (1024K)]
  0x00000198309b3740 JavaThread "Service Thread"             daemon [_thread_blocked, id=25040, stack(0x0000001ca3400000,0x0000001ca3500000) (1024K)]
  0x00000198309b4c20 JavaThread "Monitor Deflation Thread"   daemon [_thread_blocked, id=3308, stack(0x0000001ca3500000,0x0000001ca3600000) (1024K)]
  0x00000198309b5c90 JavaThread "C2 CompilerThread0"         daemon [_thread_blocked, id=30996, stack(0x0000001ca3600000,0x0000001ca3700000) (1024K)]
  0x00000198309b6860 JavaThread "C1 CompilerThread0"         daemon [_thread_blocked, id=12216, stack(0x0000001ca3700000,0x0000001ca3800000) (1024K)]
  0x0000019830c34a00 JavaThread "Common-Cleaner"             daemon [_thread_blocked, id=35100, stack(0x0000001ca3800000,0x0000001ca3900000) (1024K)]
  0x0000019830c35720 JavaThread "Notification Thread"        daemon [_thread_blocked, id=6100, stack(0x0000001ca3900000,0x0000001ca3a00000) (1024K)]
  0x0000019830c35090 JavaThread "Daemon health stats"               [_thread_blocked, id=31020, stack(0x0000001ca3f00000,0x0000001ca4000000) (1024K)]
  0x0000019830c36440 JavaThread "Incoming local TCP Connector on port 55249"        [_thread_in_native, id=33692, stack(0x0000001ca4000000,0x0000001ca4100000) (1024K)]
  0x0000019830c33ce0 JavaThread "Daemon periodic checks"            [_thread_blocked, id=9052, stack(0x0000001ca4100000,0x0000001ca4200000) (1024K)]
  0x0000019830c37160 JavaThread "Daemon"                            [_thread_blocked, id=25596, stack(0x0000001ca4200000,0x0000001ca4300000) (1024K)]
  0x0000019830c34370 JavaThread "Handler for socket connection from /127.0.0.1:55249 to /127.0.0.1:55250"        [_thread_in_native, id=28548, stack(0x0000001ca4300000,0x0000001ca4400000) (1024K)]
  0x0000019851639370 JavaThread "Cancel handler"                    [_thread_blocked, id=37168, stack(0x0000001ca4400000,0x0000001ca4500000) (1024K)]
  0x000001985163adb0 JavaThread "Daemon worker"                     [_thread_blocked, id=13344, stack(0x0000001ca4500000,0x0000001ca4600000) (1024K)]
  0x000001985163bad0 JavaThread "Asynchronous log dispatcher for DefaultDaemonConnection: socket connection from /127.0.0.1:55249 to /127.0.0.1:55250"        [_thread_blocked, id=9876, stack(0x0000001ca4600000,0x0000001ca4700000) (1024K)]
  0x000001985163c160 JavaThread "Stdin handler"                     [_thread_blocked, id=15668, stack(0x0000001ca4700000,0x0000001ca4800000) (1024K)]
  0x0000019851639a00 JavaThread "Daemon client event forwarder"        [_thread_blocked, id=37948, stack(0x0000001ca4800000,0x0000001ca4900000) (1024K)]
  0x0000019851636c10 JavaThread "Cache worker for journal cache (C:\Users\hands\.gradle\caches\journal-1)"        [_thread_blocked, id=30264, stack(0x0000001ca4900000,0x0000001ca4a00000) (1024K)]
  0x000001985163a090 JavaThread "File lock request listener"        [_thread_in_native, id=35132, stack(0x0000001ca4a00000,0x0000001ca4b00000) (1024K)]
  0x0000019851638650 JavaThread "Cache worker for file hash cache (C:\Users\hands\.gradle\caches\8.13\fileHashes)"        [_thread_blocked, id=3068, stack(0x0000001ca4b00000,0x0000001ca4c00000) (1024K)]
  0x000001985163a720 JavaThread "Cache worker for file hash cache (E:\b\backend\app\tpapp\android\.gradle\8.13\fileHashes)"        [_thread_blocked, id=18512, stack(0x0000001ca4f00000,0x0000001ca5000000) (1024K)]
  0x0000019851637fc0 JavaThread "Cache worker for Build Output Cleanup Cache (E:\b\backend\app\tpapp\android\.gradle\buildOutputCleanup)"        [_thread_blocked, id=22424, stack(0x0000001ca5000000,0x0000001ca5100000) (1024K)]
  0x000001985163ce80 JavaThread "File watcher server"        daemon [_thread_blocked, id=21356, stack(0x0000001ca5100000,0x0000001ca5200000) (1024K)]
  0x000001985163b440 JavaThread "File watcher consumer"      daemon [_thread_blocked, id=35536, stack(0x0000001ca5200000,0x0000001ca5300000) (1024K)]
  0x0000019851638ce0 JavaThread "jar transforms"                    [_thread_blocked, id=34028, stack(0x0000001ca5300000,0x0000001ca5400000) (1024K)]
  0x0000019851636580 JavaThread "Cache worker for checksums cache (E:\b\backend\app\tpapp\android\.gradle\8.13\checksums)"        [_thread_blocked, id=14416, stack(0x0000001ca5400000,0x0000001ca5500000) (1024K)]
  0x0000019851637930 JavaThread "Cache worker for file content cache (C:\Users\hands\.gradle\caches\8.13\fileContent)"        [_thread_blocked, id=35588, stack(0x0000001ca5500000,0x0000001ca5600000) (1024K)]
  0x00000198516372a0 JavaThread "Cache worker for cache directory md-supplier (C:\Users\hands\.gradle\caches\8.13\md-supplier)"        [_thread_blocked, id=34680, stack(0x0000001ca5600000,0x0000001ca5700000) (1024K)]
  0x00000198525dda20 JavaThread "Cache worker for cache directory md-rule (C:\Users\hands\.gradle\caches\8.13\md-rule)"        [_thread_blocked, id=4492, stack(0x0000001ca5700000,0x0000001ca5800000) (1024K)]
  0x00000198525dcd00 JavaThread "Cache worker for Build Output Cleanup Cache (E:\b\backend\app\tpapp\node_modules\@react-native\gradle-plugin\.gradle\buildOutputCleanup)"        [_thread_blocked, id=19332, stack(0x0000001ca5800000,0x0000001ca5900000) (1024K)]
  0x00000198525da5a0 JavaThread "Unconstrained build operations"        [_thread_blocked, id=20040, stack(0x0000001ca5900000,0x0000001ca5a00000) (1024K)]
  0x00000198525dc670 JavaThread "Unconstrained build operations Thread 2"        [_thread_blocked, id=34628, stack(0x0000001ca5a00000,0x0000001ca5b00000) (1024K)]
  0x000001985369cff0 JavaThread "Unconstrained build operations Thread 3"        [_thread_blocked, id=12972, stack(0x0000001ca5b00000,0x0000001ca5c00000) (1024K)]
  0x00000198536987c0 JavaThread "Unconstrained build operations Thread 4"        [_thread_blocked, id=26744, stack(0x0000001ca5c00000,0x0000001ca5d00000) (1024K)]
  0x0000019853698130 JavaThread "Unconstrained build operations Thread 5"        [_thread_blocked, id=35080, stack(0x0000001ca5d00000,0x0000001ca5e00000) (1024K)]
  0x00000198536994e0 JavaThread "Unconstrained build operations Thread 6"        [_thread_blocked, id=37572, stack(0x0000001ca5e00000,0x0000001ca5f00000) (1024K)]
  0x0000019853697410 JavaThread "Unconstrained build operations Thread 7"        [_thread_blocked, id=17128, stack(0x0000001ca5f00000,0x0000001ca6000000) (1024K)]
  0x000001985369af20 JavaThread "Unconstrained build operations Thread 8"        [_thread_blocked, id=11620, stack(0x0000001ca6000000,0x0000001ca6100000) (1024K)]
  0x000001985369b5b0 JavaThread "Unconstrained build operations Thread 9"        [_thread_blocked, id=1328, stack(0x0000001ca6100000,0x0000001ca6200000) (1024K)]
  0x0000019853696d80 JavaThread "Unconstrained build operations Thread 10"        [_thread_blocked, id=6912, stack(0x0000001ca6200000,0x0000001ca6300000) (1024K)]
  0x000001985369bc40 JavaThread "Unconstrained build operations Thread 11"        [_thread_blocked, id=14752, stack(0x0000001ca6300000,0x0000001ca6400000) (1024K)]
  0x000001985369c2d0 JavaThread "Unconstrained build operations Thread 12"        [_thread_blocked, id=6832, stack(0x0000001ca6400000,0x0000001ca6500000) (1024K)]
  0x000001985369c960 JavaThread "Unconstrained build operations Thread 13"        [_thread_blocked, id=30216, stack(0x0000001ca6500000,0x0000001ca6600000) (1024K)]
  0x000001985369d680 JavaThread "Unconstrained build operations Thread 14"        [_thread_blocked, id=28020, stack(0x0000001ca6600000,0x0000001ca6700000) (1024K)]
  0x00000198536966f0 JavaThread "Unconstrained build operations Thread 15"        [_thread_blocked, id=19048, stack(0x0000001ca6700000,0x0000001ca6800000) (1024K)]
  0x000001985369dd10 JavaThread "Unconstrained build operations Thread 16"        [_thread_blocked, id=26856, stack(0x0000001ca6800000,0x0000001ca6900000) (1024K)]
  0x0000019853697aa0 JavaThread "Unconstrained build operations Thread 17"        [_thread_blocked, id=15840, stack(0x0000001ca6900000,0x0000001ca6a00000) (1024K)]
  0x0000019853698e50 JavaThread "Unconstrained build operations Thread 18"        [_thread_blocked, id=16700, stack(0x0000001ca6a00000,0x0000001ca6b00000) (1024K)]
  0x00000198528f5e50 JavaThread "Unconstrained build operations Thread 19"        [_thread_blocked, id=19032, stack(0x0000001ca6b00000,0x0000001ca6c00000) (1024K)]
  0x00000198528f85b0 JavaThread "Unconstrained build operations Thread 20"        [_thread_blocked, id=33088, stack(0x0000001ca6c00000,0x0000001ca6d00000) (1024K)]
  0x00000198528f92d0 JavaThread "Unconstrained build operations Thread 21"        [_thread_blocked, id=14720, stack(0x0000001ca6d00000,0x0000001ca6e00000) (1024K)]
  0x00000198528f7f20 JavaThread "Unconstrained build operations Thread 22"        [_thread_blocked, id=14704, stack(0x0000001ca6e00000,0x0000001ca6f00000) (1024K)]
  0x00000198528fad10 JavaThread "Unconstrained build operations Thread 23"        [_thread_blocked, id=19972, stack(0x0000001ca6f00000,0x0000001ca7000000) (1024K)]
  0x00000198528fb3a0 JavaThread "Unconstrained build operations Thread 24"        [_thread_blocked, id=36684, stack(0x0000001ca7000000,0x0000001ca7100000) (1024K)]
  0x00000198528f7890 JavaThread "Unconstrained build operations Thread 25"        [_thread_blocked, id=30392, stack(0x0000001ca7100000,0x0000001ca7200000) (1024K)]
  0x00000198528f5130 JavaThread "Unconstrained build operations Thread 26"        [_thread_blocked, id=14356, stack(0x0000001ca7200000,0x0000001ca7300000) (1024K)]
  0x00000198528f4410 JavaThread "Unconstrained build operations Thread 27"        [_thread_blocked, id=20960, stack(0x0000001ca7300000,0x0000001ca7400000) (1024K)]
  0x00000198528f7200 JavaThread "build event listener"              [_thread_blocked, id=17152, stack(0x0000001ca7500000,0x0000001ca7600000) (1024K)]
  0x00000198528fa680 JavaThread "Memory manager"                    [_thread_blocked, id=27720, stack(0x0000001ca7400000,0x0000001ca7500000) (1024K)]
  0x0000019851c9ca40 JavaThread "ForkJoinPool.commonPool-worker-2" daemon [_thread_blocked, id=16448, stack(0x0000001ca7700000,0x0000001ca7800000) (1024K)]
  0x0000019851ca2620 JavaThread "ForkJoinPool.commonPool-worker-3" daemon [_thread_blocked, id=32236, stack(0x0000001ca7800000,0x0000001ca7900000) (1024K)]
  0x0000019851c9d0d0 JavaThread "ForkJoinPool.commonPool-worker-4" daemon [_thread_blocked, id=20800, stack(0x0000001ca7900000,0x0000001ca7a00000) (1024K)]
  0x0000019851c9b690 JavaThread "ForkJoinPool.commonPool-worker-5" daemon [_thread_blocked, id=5724, stack(0x0000001ca7a00000,0x0000001ca7b00000) (1024K)]
  0x0000019851c9fec0 JavaThread "ForkJoinPool.commonPool-worker-6" daemon [_thread_blocked, id=32172, stack(0x0000001ca7b00000,0x0000001ca7c00000) (1024K)]
  0x0000019851c9bd20 JavaThread "ForkJoinPool.commonPool-worker-7" daemon [_thread_blocked, id=38448, stack(0x0000001ca7c00000,0x0000001ca7d00000) (1024K)]
  0x0000019851ca0550 JavaThread "Execution worker"                  [_thread_blocked, id=34448, stack(0x0000001ca8100000,0x0000001ca8200000) (1024K)]
  0x0000019851c9e480 JavaThread "Execution worker Thread 2"         [_thread_blocked, id=17656, stack(0x0000001ca8200000,0x0000001ca8300000) (1024K)]
  0x0000019851c9eb10 JavaThread "Execution worker Thread 3"         [_thread_blocked, id=32540, stack(0x0000001ca8300000,0x0000001ca8400000) (1024K)]
  0x0000019851c9f830 JavaThread "Execution worker Thread 4"         [_thread_blocked, id=28100, stack(0x0000001ca8400000,0x0000001ca8500000) (1024K)]
  0x0000019851ca0be0 JavaThread "Execution worker Thread 5"         [_thread_blocked, id=32388, stack(0x0000001ca8500000,0x0000001ca8600000) (1024K)]
  0x0000019851ca1270 JavaThread "Execution worker Thread 6"         [_thread_blocked, id=37820, stack(0x0000001ca8600000,0x0000001ca8700000) (1024K)]
  0x00000198528f57c0 JavaThread "Execution worker Thread 7"         [_thread_blocked, id=5776, stack(0x0000001ca8700000,0x0000001ca8800000) (1024K)]
  0x00000198528f9ff0 JavaThread "Cache worker for execution history cache (E:\b\backend\app\tpapp\node_modules\@react-native\gradle-plugin\.gradle\8.13\executionHistory)"        [_thread_blocked, id=31000, stack(0x0000001ca8800000,0x0000001ca8900000) (1024K)]
  0x0000019830c35db0 JavaThread "Unconstrained build operations Thread 28"        [_thread_blocked, id=11680, stack(0x0000001ca8900000,0x0000001ca8a00000) (1024K)]
  0x0000019851f72390 JavaThread "Unconstrained build operations Thread 29"        [_thread_blocked, id=4740, stack(0x0000001ca8a00000,0x0000001ca8b00000) (1024K)]
  0x0000019851f75180 JavaThread "Unconstrained build operations Thread 30"        [_thread_blocked, id=8900, stack(0x0000001ca8b00000,0x0000001ca8c00000) (1024K)]
  0x0000019851f74af0 JavaThread "Unconstrained build operations Thread 31"        [_thread_blocked, id=31980, stack(0x0000001ca8c00000,0x0000001ca8d00000) (1024K)]
  0x0000019851f730b0 JavaThread "Unconstrained build operations Thread 32"        [_thread_blocked, id=9368, stack(0x0000001ca8d00000,0x0000001ca8e00000) (1024K)]
  0x0000019851f71d00 JavaThread "Unconstrained build operations Thread 33"        [_thread_blocked, id=31404, stack(0x0000001ca8e00000,0x0000001ca8f00000) (1024K)]
  0x0000019851f73740 JavaThread "Unconstrained build operations Thread 34"        [_thread_blocked, id=35484, stack(0x0000001ca8f00000,0x0000001ca9000000) (1024K)]
  0x0000019851f73dd0 JavaThread "Unconstrained build operations Thread 35"        [_thread_blocked, id=38760, stack(0x0000001ca9000000,0x0000001ca9100000) (1024K)]
  0x0000019851f74460 JavaThread "Unconstrained build operations Thread 36"        [_thread_blocked, id=4868, stack(0x0000001ca9100000,0x0000001ca9200000) (1024K)]
  0x0000019851f72a20 JavaThread "Unconstrained build operations Thread 37"        [_thread_blocked, id=37792, stack(0x0000001ca9200000,0x0000001ca9300000) (1024K)]
  0x0000019855c4af10 JavaThread "Unconstrained build operations Thread 38"        [_thread_blocked, id=31332, stack(0x0000001ca9300000,0x0000001ca9400000) (1024K)]
  0x0000019855c4c950 JavaThread "Unconstrained build operations Thread 39"        [_thread_blocked, id=17920, stack(0x0000001ca9400000,0x0000001ca9500000) (1024K)]
  0x0000019855c4c2c0 JavaThread "Unconstrained build operations Thread 40"        [_thread_blocked, id=31292, stack(0x0000001ca9500000,0x0000001ca9600000) (1024K)]
  0x0000019855c4bc30 JavaThread "Unconstrained build operations Thread 41"        [_thread_blocked, id=13776, stack(0x0000001ca9600000,0x0000001ca9700000) (1024K)]
  0x0000019855c4cfe0 JavaThread "Unconstrained build operations Thread 42"        [_thread_blocked, id=35248, stack(0x0000001ca9700000,0x0000001ca9800000) (1024K)]
  0x0000019855c4d670 JavaThread "Unconstrained build operations Thread 43"        [_thread_blocked, id=14284, stack(0x0000001ca9800000,0x0000001ca9900000) (1024K)]
  0x0000019855c4a1f0 JavaThread "Unconstrained build operations Thread 44"        [_thread_blocked, id=33980, stack(0x0000001ca9900000,0x0000001ca9a00000) (1024K)]
  0x0000019855c4b5a0 JavaThread "Unconstrained build operations Thread 45"        [_thread_blocked, id=29328, stack(0x0000001ca9a00000,0x0000001ca9b00000) (1024K)]
  0x0000019855c4a880 JavaThread "Unconstrained build operations Thread 46"        [_thread_blocked, id=32716, stack(0x0000001ca9b00000,0x0000001ca9c00000) (1024K)]
  0x000001985a4ce290 JavaThread "Unconstrained build operations Thread 47"        [_thread_blocked, id=36008, stack(0x0000001ca9c00000,0x0000001ca9d00000) (1024K)]
  0x000001985a4c7300 JavaThread "Unconstrained build operations Thread 48"        [_thread_blocked, id=26084, stack(0x0000001ca9d00000,0x0000001ca9e00000) (1024K)]
  0x000001985a4ca0f0 JavaThread "Unconstrained build operations Thread 49"        [_thread_blocked, id=18792, stack(0x0000001ca9e00000,0x0000001ca9f00000) (1024K)]
  0x000001985a4c86b0 JavaThread "Unconstrained build operations Thread 50"        [_thread_blocked, id=18732, stack(0x0000001ca9f00000,0x0000001caa000000) (1024K)]
  0x000001985a4ca780 JavaThread "Unconstrained build operations Thread 51"        [_thread_blocked, id=31164, stack(0x0000001caa000000,0x0000001caa100000) (1024K)]
  0x000001985a4cc850 JavaThread "Unconstrained build operations Thread 52"        [_thread_blocked, id=36468, stack(0x0000001caa100000,0x0000001caa200000) (1024K)]
  0x000001985a4ce920 JavaThread "Unconstrained build operations Thread 53"        [_thread_blocked, id=27236, stack(0x0000001caa200000,0x0000001caa300000) (1024K)]
  0x000001985a4c9a60 JavaThread "Unconstrained build operations Thread 54"        [_thread_blocked, id=2572, stack(0x0000001caa300000,0x0000001caa400000) (1024K)]
  0x000001985a4c8020 JavaThread "Unconstrained build operations Thread 55"        [_thread_blocked, id=28332, stack(0x0000001caa400000,0x0000001caa500000) (1024K)]
  0x000001985a4c8d40 JavaThread "Unconstrained build operations Thread 56"        [_thread_blocked, id=38104, stack(0x0000001caa500000,0x0000001caa600000) (1024K)]
  0x000001985a4c93d0 JavaThread "Unconstrained build operations Thread 57"        [_thread_blocked, id=35652, stack(0x0000001caa600000,0x0000001caa700000) (1024K)]
  0x000001985a4c7990 JavaThread "Unconstrained build operations Thread 58"        [_thread_blocked, id=27320, stack(0x0000001caa700000,0x0000001caa800000) (1024K)]
  0x000001985a4cdc00 JavaThread "Unconstrained build operations Thread 59"        [_thread_blocked, id=23048, stack(0x0000001caa800000,0x0000001caa900000) (1024K)]
  0x000001985a4cd570 JavaThread "Unconstrained build operations Thread 60"        [_thread_blocked, id=33768, stack(0x0000001caa900000,0x0000001caaa00000) (1024K)]
  0x000001985a4cae10 JavaThread "Unconstrained build operations Thread 61"        [_thread_blocked, id=31880, stack(0x0000001caaa00000,0x0000001caab00000) (1024K)]
  0x000001985a4cb4a0 JavaThread "Unconstrained build operations Thread 62"        [_thread_blocked, id=30916, stack(0x0000001caab00000,0x0000001caac00000) (1024K)]
  0x000001985a4cbb30 JavaThread "Unconstrained build operations Thread 63"        [_thread_blocked, id=13984, stack(0x0000001caac00000,0x0000001caad00000) (1024K)]
  0x000001985a4cc1c0 JavaThread "Unconstrained build operations Thread 64"        [_thread_blocked, id=14016, stack(0x0000001caad00000,0x0000001caae00000) (1024K)]
  0x000001985a4ccee0 JavaThread "Unconstrained build operations Thread 65"        [_thread_blocked, id=32448, stack(0x0000001caae00000,0x0000001caaf00000) (1024K)]
  0x000001985a792160 JavaThread "Unconstrained build operations Thread 66"        [_thread_blocked, id=24372, stack(0x0000001caaf00000,0x0000001cab000000) (1024K)]
  0x000001985a7927f0 JavaThread "Unconstrained build operations Thread 67"        [_thread_blocked, id=7992, stack(0x0000001cab000000,0x0000001cab100000) (1024K)]
  0x000001985a791440 JavaThread "Unconstrained build operations Thread 68"        [_thread_blocked, id=3344, stack(0x0000001cab100000,0x0000001cab200000) (1024K)]
  0x000001985a792e80 JavaThread "Unconstrained build operations Thread 69"        [_thread_blocked, id=6948, stack(0x0000001cab200000,0x0000001cab300000) (1024K)]
  0x000001985a790db0 JavaThread "Unconstrained build operations Thread 70"        [_thread_blocked, id=2848, stack(0x0000001cab300000,0x0000001cab400000) (1024K)]
  0x000001985a791ad0 JavaThread "Unconstrained build operations Thread 71"        [_thread_blocked, id=13440, stack(0x0000001cab400000,0x0000001cab500000) (1024K)]
  0x000001985a793ba0 JavaThread "Unconstrained build operations Thread 72"        [_thread_blocked, id=21240, stack(0x0000001cab500000,0x0000001cab600000) (1024K)]
  0x000001985a793510 JavaThread "Unconstrained build operations Thread 73"        [_thread_blocked, id=4040, stack(0x0000001cab600000,0x0000001cab700000) (1024K)]
  0x000001985a794230 JavaThread "Unconstrained build operations Thread 74"        [_thread_blocked, id=30084, stack(0x0000001cab700000,0x0000001cab800000) (1024K)]
  0x0000019854d60580 JavaThread "Unconstrained build operations Thread 75"        [_thread_blocked, id=13320, stack(0x0000001cab800000,0x0000001cab900000) (1024K)]
  0x0000019854d5eb40 JavaThread "Unconstrained build operations Thread 76"        [_thread_blocked, id=33708, stack(0x0000001cab900000,0x0000001caba00000) (1024K)]
  0x0000019854d63370 JavaThread "Unconstrained build operations Thread 77"        [_thread_blocked, id=30544, stack(0x0000001caba00000,0x0000001cabb00000) (1024K)]
  0x0000019854d64720 JavaThread "jar transforms Thread 2"           [_thread_blocked, id=33364, stack(0x0000001cabb00000,0x0000001cabc00000) (1024K)]
  0x0000019854d65440 JavaThread "jar transforms Thread 3"           [_thread_blocked, id=7000, stack(0x0000001cabc00000,0x0000001cabd00000) (1024K)]
  0x0000019854d63a00 JavaThread "Unconstrained build operations Thread 78"        [_thread_blocked, id=10484, stack(0x0000001cabd00000,0x0000001cabe00000) (1024K)]
  0x0000019854d64090 JavaThread "Unconstrained build operations Thread 79"        [_thread_blocked, id=31812, stack(0x0000001cabe00000,0x0000001cabf00000) (1024K)]
  0x0000019854d61930 JavaThread "Unconstrained build operations Thread 80"        [_thread_blocked, id=33628, stack(0x0000001cabf00000,0x0000001cac000000) (1024K)]
  0x0000019854d65ad0 JavaThread "jar transforms Thread 4"           [_thread_blocked, id=35992, stack(0x0000001cac000000,0x0000001cac100000) (1024K)]
  0x000001985545e760 JavaThread "jar transforms Thread 5"           [_thread_blocked, id=35804, stack(0x0000001cac100000,0x0000001cac200000) (1024K)]
  0x00000198554649d0 JavaThread "jar transforms Thread 6"           [_thread_blocked, id=1248, stack(0x0000001cac200000,0x0000001cac300000) (1024K)]
  0x0000019855464340 JavaThread "build event listener"              [_thread_blocked, id=33848, stack(0x0000001cac300000,0x0000001cac400000) (1024K)]
  0x0000019855465d80 JavaThread "Problems report writer"            [_thread_blocked, id=10744, stack(0x0000001cac400000,0x0000001cac500000) (1024K)]
  0x0000019855467e50 JavaThread "jar transforms Thread 7"           [_thread_blocked, id=32196, stack(0x0000001cac500000,0x0000001cac600000) (1024K)]
  0x0000019855469890 JavaThread "jar transforms Thread 8"           [_thread_blocked, id=21368, stack(0x0000001cac600000,0x0000001cac700000) (1024K)]
  0x000001985a775ac0 JavaThread "Exec process"                      [_thread_blocked, id=7368, stack(0x0000001ca2600000,0x0000001ca2700000) (1024K)]
  0x000001985afad2d0 JavaThread "Exec process Thread 2"             [_thread_blocked, id=36052, stack(0x0000001ca2700000,0x0000001ca2800000) (1024K)]
  0x000001985afad960 JavaThread "Exec process Thread 3"             [_thread_blocked, id=32032, stack(0x0000001ca7600000,0x0000001ca7700000) (1024K)]
  0x000001985ca70120 JavaThread "ForkJoinPool.commonPool-worker-8" daemon [_thread_blocked, id=22504, stack(0x0000001ca7d00000,0x0000001ca7e00000) (1024K)]
  0x000001985c0be860 JavaThread "included builds Thread 2"          [_thread_blocked, id=26436, stack(0x0000001ca7f00000,0x0000001ca8000000) (1024K)]
  0x000001985afadff0 JavaThread "Cache worker for execution history cache (E:\b\backend\app\tpapp\android\.gradle\8.13\executionHistory)"        [_thread_blocked, id=31348, stack(0x0000001ca8000000,0x0000001ca8100000) (1024K)]
Total: 145

Other Threads:
=>0x0000019830992ab0 VMThread "VM Thread"                           [id=23936, stack(0x0000001ca2f00000,0x0000001ca3000000) (1024K)]
  0x0000019813d4fac0 WatcherThread "VM Periodic Task Thread"        [id=24412, stack(0x0000001ca2e00000,0x0000001ca2f00000) (1024K)]
  0x0000019813daa880 WorkerThread "GC Thread#0"                     [id=9416, stack(0x0000001ca2900000,0x0000001ca2a00000) (1024K)]
  0x00000198501dd050 WorkerThread "GC Thread#1"                     [id=5600, stack(0x0000001ca3a00000,0x0000001ca3b00000) (1024K)]
  0x00000198501a5810 WorkerThread "GC Thread#2"                     [id=19540, stack(0x0000001ca3b00000,0x0000001ca3c00000) (1024K)]
  0x00000198501a5bc0 WorkerThread "GC Thread#3"                     [id=5860, stack(0x0000001ca3c00000,0x0000001ca3d00000) (1024K)]
  0x000001985089adf0 WorkerThread "GC Thread#4"                     [id=8076, stack(0x0000001ca3d00000,0x0000001ca3e00000) (1024K)]
  0x0000019850b4edf0 WorkerThread "GC Thread#5"                     [id=10640, stack(0x0000001ca3e00000,0x0000001ca3f00000) (1024K)]
  0x0000019852402f60 WorkerThread "GC Thread#6"                     [id=8964, stack(0x0000001ca4c00000,0x0000001ca4d00000) (1024K)]
  0x0000019851fc3b60 WorkerThread "GC Thread#7"                     [id=5376, stack(0x0000001ca4d00000,0x0000001ca4e00000) (1024K)]
  0x0000019813dbba20 ConcurrentGCThread "G1 Main Marker"            [id=28992, stack(0x0000001ca2a00000,0x0000001ca2b00000) (1024K)]
  0x0000019813dbccd0 WorkerThread "G1 Conc#0"                       [id=11188, stack(0x0000001ca2b00000,0x0000001ca2c00000) (1024K)]
  0x0000019853cb8e10 WorkerThread "G1 Conc#1"                       [id=32780, stack(0x0000001ca4e00000,0x0000001ca4f00000) (1024K)]
  0x0000019813e0db40 ConcurrentGCThread "G1 Refine#0"               [id=34860, stack(0x0000001ca2c00000,0x0000001ca2d00000) (1024K)]
  0x0000019830854c20 ConcurrentGCThread "G1 Service"                [id=30792, stack(0x0000001ca2d00000,0x0000001ca2e00000) (1024K)]
Total: 15

Threads with active compile tasks:
Total: 0

VM state: at safepoint (normal execution)

VM Mutex/Monitor currently owned by a thread:  ([mutex/lock_event])
[0x00007ffb4ce0e560] Threads_lock - owner thread: 0x0000019830992ab0
[0x00007ffb4ce0e660] Heap_lock - owner thread: 0x0000019813dbba20

Heap address: 0x0000000080000000, size: 2048 MB, Compressed Oops mode: 32-bit

CDS archive(s) mapped at: [0x0000019831000000-0x0000019831c80000-0x0000019831c80000), size 13107200, SharedBaseAddress: 0x0000019831000000, ArchiveRelocationMode: 1.
Compressed class space mapped at: 0x0000019832000000-0x000001984c000000, reserved size: 436207616
Narrow klass base: 0x0000019831000000, Narrow klass shift: 0, Narrow klass range: 0x100000000

GC Precious Log:
 CardTable entry size: 512
 Card Set container configuration: InlinePtr #cards 5 size 8 Array Of Cards #cards 12 size 40 Howl #buckets 4 coarsen threshold 1843 Howl Bitmap #cards 512 size 80 coarsen threshold 460 Card regions per heap region 1 cards per card region 2048
 CPUs: 8 total, 8 available
 Memory: 6078M
 Large Page Support: Disabled
 NUMA Support: Disabled
 Compressed Oops: Enabled (32-bit)
 Heap Region Size: 1M
 Heap Min Capacity: 8M
 Heap Initial Capacity: 96M
 Heap Max Capacity: 2G
 Pre-touch: Disabled
 Parallel Workers: 8
 Concurrent Workers: 2
 Concurrent Refinement Workers: 8
 Periodic GC: Disabled

Heap:
 garbage-first heap   total 413696K, used 287689K [0x0000000080000000, 0x0000000100000000)
  region size 1024K, 16 young (16384K), 9 survivors (9216K)
 Metaspace       used 128956K, committed 132096K, reserved 557056K
  class space    used 17928K, committed 19392K, reserved 425984K

Heap Regions: E=young(eden), S=young(survivor), O=old, HS=humongous(starts), HC=humongous(continues), CS=collection set, F=free, TAMS=top-at-mark-start, PB=parsable bottom
|   0|0x0000000080000000, 0x0000000080100000, 0x0000000080100000|100%|HS|  |TAMS 0x0000000080100000| PB 0x0000000080000000| Complete 
|   1|0x0000000080100000, 0x0000000080200000, 0x0000000080200000|100%|HC|  |TAMS 0x0000000080200000| PB 0x0000000080100000| Complete 
|   2|0x0000000080200000, 0x0000000080300000, 0x0000000080300000|100%|HC|  |TAMS 0x0000000080300000| PB 0x0000000080200000| Complete 
|   3|0x0000000080300000, 0x0000000080400000, 0x0000000080400000|100%| O|  |TAMS 0x0000000080400000| PB 0x0000000080400000| Untracked 
|   4|0x0000000080400000, 0x0000000080500000, 0x0000000080500000|100%| O|  |TAMS 0x0000000080500000| PB 0x0000000080500000| Untracked 
|   5|0x0000000080500000, 0x0000000080600000, 0x0000000080600000|100%| O|  |TAMS 0x0000000080600000| PB 0x0000000080600000| Untracked 
|   6|0x0000000080600000, 0x0000000080700000, 0x0000000080700000|100%|HS|  |TAMS 0x0000000080700000| PB 0x0000000080600000| Complete 
|   7|0x0000000080700000, 0x0000000080800000, 0x0000000080800000|100%| O|  |TAMS 0x0000000080800000| PB 0x0000000080800000| Untracked 
|   8|0x0000000080800000, 0x0000000080900000, 0x0000000080900000|100%| O|  |TAMS 0x0000000080900000| PB 0x0000000080900000| Untracked 
|   9|0x0000000080900000, 0x0000000080a00000, 0x0000000080a00000|100%| O|  |TAMS 0x0000000080a00000| PB 0x0000000080a00000| Untracked 
|  10|0x0000000080a00000, 0x0000000080b00000, 0x0000000080b00000|100%| O|  |TAMS 0x0000000080b00000| PB 0x0000000080b00000| Untracked 
|  11|0x0000000080b00000, 0x0000000080c00000, 0x0000000080c00000|100%| O|  |TAMS 0x0000000080c00000| PB 0x0000000080c00000| Untracked 
|  12|0x0000000080c00000, 0x0000000080d00000, 0x0000000080d00000|100%| O|  |TAMS 0x0000000080d00000| PB 0x0000000080d00000| Untracked 
|  13|0x0000000080d00000, 0x0000000080e00000, 0x0000000080e00000|100%| O|  |TAMS 0x0000000080e00000| PB 0x0000000080e00000| Untracked 
|  14|0x0000000080e00000, 0x0000000080f00000, 0x0000000080f00000|100%| O|  |TAMS 0x0000000080f00000| PB 0x0000000080f00000| Updating 
|  15|0x0000000080f00000, 0x0000000081000000, 0x0000000081000000|100%| O|  |TAMS 0x0000000081000000| PB 0x0000000081000000| Untracked 
|  16|0x0000000081000000, 0x0000000081100000, 0x0000000081100000|100%| O|  |TAMS 0x0000000081100000| PB 0x0000000081100000| Untracked 
|  17|0x0000000081100000, 0x0000000081200000, 0x0000000081200000|100%| O|  |TAMS 0x0000000081200000| PB 0x0000000081200000| Untracked 
|  18|0x0000000081200000, 0x0000000081300000, 0x0000000081300000|100%| O|  |TAMS 0x0000000081300000| PB 0x0000000081300000| Untracked 
|  19|0x0000000081300000, 0x0000000081400000, 0x0000000081400000|100%| O|  |TAMS 0x0000000081400000| PB 0x0000000081400000| Untracked 
|  20|0x0000000081400000, 0x0000000081500000, 0x0000000081500000|100%| O|  |TAMS 0x0000000081500000| PB 0x0000000081500000| Untracked 
|  21|0x0000000081500000, 0x0000000081600000, 0x0000000081600000|100%| O|  |TAMS 0x0000000081600000| PB 0x0000000081600000| Untracked 
|  22|0x0000000081600000, 0x0000000081700000, 0x0000000081700000|100%| O|  |TAMS 0x0000000081700000| PB 0x0000000081700000| Updating 
|  23|0x0000000081700000, 0x0000000081800000, 0x0000000081800000|100%| O|  |TAMS 0x0000000081800000| PB 0x0000000081800000| Untracked 
|  24|0x0000000081800000, 0x0000000081900000, 0x0000000081900000|100%| O|  |TAMS 0x0000000081900000| PB 0x0000000081900000| Untracked 
|  25|0x0000000081900000, 0x0000000081a00000, 0x0000000081a00000|100%| O|  |TAMS 0x0000000081a00000| PB 0x0000000081a00000| Untracked 
|  26|0x0000000081a00000, 0x0000000081b00000, 0x0000000081b00000|100%| O|  |TAMS 0x0000000081b00000| PB 0x0000000081b00000| Untracked 
|  27|0x0000000081b00000, 0x0000000081c00000, 0x0000000081c00000|100%| O|  |TAMS 0x0000000081c00000| PB 0x0000000081c00000| Untracked 
|  28|0x0000000081c00000, 0x0000000081d00000, 0x0000000081d00000|100%| O|  |TAMS 0x0000000081d00000| PB 0x0000000081d00000| Untracked 
|  29|0x0000000081d00000, 0x0000000081e00000, 0x0000000081e00000|100%| O|  |TAMS 0x0000000081e00000| PB 0x0000000081e00000| Untracked 
|  30|0x0000000081e00000, 0x0000000081f00000, 0x0000000081f00000|100%| O|  |TAMS 0x0000000081f00000| PB 0x0000000081f00000| Untracked 
|  31|0x0000000081f00000, 0x0000000082000000, 0x0000000082000000|100%| O|  |TAMS 0x0000000082000000| PB 0x0000000082000000| Updating 
|  32|0x0000000082000000, 0x0000000082100000, 0x0000000082100000|100%| O|  |TAMS 0x0000000082100000| PB 0x0000000082100000| Untracked 
|  33|0x0000000082100000, 0x0000000082200000, 0x0000000082200000|100%| O|  |TAMS 0x0000000082200000| PB 0x0000000082200000| Untracked 
|  34|0x0000000082200000, 0x0000000082300000, 0x0000000082300000|100%| O|  |TAMS 0x0000000082300000| PB 0x0000000082300000| Updating 
|  35|0x0000000082300000, 0x0000000082400000, 0x0000000082400000|100%| O|  |TAMS 0x0000000082400000| PB 0x0000000082400000| Updating 
|  36|0x0000000082400000, 0x0000000082500000, 0x0000000082500000|100%| O|  |TAMS 0x0000000082500000| PB 0x0000000082500000| Updating 
|  37|0x0000000082500000, 0x0000000082600000, 0x0000000082600000|100%| O|  |TAMS 0x0000000082600000| PB 0x0000000082600000| Updating 
|  38|0x0000000082600000, 0x0000000082700000, 0x0000000082700000|100%| O|  |TAMS 0x0000000082700000| PB 0x0000000082700000| Updating 
|  39|0x0000000082700000, 0x0000000082800000, 0x0000000082800000|100%| O|  |TAMS 0x0000000082800000| PB 0x0000000082800000| Updating 
|  40|0x0000000082800000, 0x0000000082900000, 0x0000000082900000|100%| O|  |TAMS 0x0000000082900000| PB 0x0000000082900000| Updating 
|  41|0x0000000082900000, 0x0000000082a00000, 0x0000000082a00000|100%| O|  |TAMS 0x0000000082a00000| PB 0x0000000082a00000| Updating 
|  42|0x0000000082a00000, 0x0000000082b00000, 0x0000000082b00000|100%| O|  |TAMS 0x0000000082b00000| PB 0x0000000082b00000| Updating 
|  43|0x0000000082b00000, 0x0000000082c00000, 0x0000000082c00000|100%| O|  |TAMS 0x0000000082c00000| PB 0x0000000082c00000| Untracked 
|  44|0x0000000082c00000, 0x0000000082d00000, 0x0000000082d00000|100%| O|  |TAMS 0x0000000082d00000| PB 0x0000000082d00000| Updating 
|  45|0x0000000082d00000, 0x0000000082e00000, 0x0000000082e00000|100%| O|  |TAMS 0x0000000082e00000| PB 0x0000000082e00000| Untracked 
|  46|0x0000000082e00000, 0x0000000082f00000, 0x0000000082f00000|100%| O|  |TAMS 0x0000000082f00000| PB 0x0000000082f00000| Untracked 
|  47|0x0000000082f00000, 0x0000000083000000, 0x0000000083000000|100%| O|  |TAMS 0x0000000083000000| PB 0x0000000083000000| Updating 
|  48|0x0000000083000000, 0x0000000083100000, 0x0000000083100000|100%| O|  |TAMS 0x0000000083100000| PB 0x0000000083100000| Untracked 
|  49|0x0000000083100000, 0x0000000083200000, 0x0000000083200000|100%| O|  |TAMS 0x0000000083200000| PB 0x0000000083200000| Untracked 
|  50|0x0000000083200000, 0x0000000083300000, 0x0000000083300000|100%|HS|  |TAMS 0x0000000083300000| PB 0x0000000083200000| Complete 
|  51|0x0000000083300000, 0x0000000083400000, 0x0000000083400000|100%|HC|  |TAMS 0x0000000083400000| PB 0x0000000083300000| Complete 
|  52|0x0000000083400000, 0x0000000083500000, 0x0000000083500000|100%|HC|  |TAMS 0x0000000083500000| PB 0x0000000083400000| Complete 
|  53|0x0000000083500000, 0x0000000083600000, 0x0000000083600000|100%|HS|  |TAMS 0x0000000083600000| PB 0x0000000083500000| Complete 
|  54|0x0000000083600000, 0x0000000083700000, 0x0000000083700000|100%|HC|  |TAMS 0x0000000083700000| PB 0x0000000083600000| Complete 
|  55|0x0000000083700000, 0x0000000083800000, 0x0000000083800000|100%|HC|  |TAMS 0x0000000083800000| PB 0x0000000083700000| Complete 
|  56|0x0000000083800000, 0x0000000083900000, 0x0000000083900000|100%| O|  |TAMS 0x0000000083900000| PB 0x0000000083900000| Updating 
|  57|0x0000000083900000, 0x0000000083a00000, 0x0000000083a00000|100%| O|  |TAMS 0x0000000083a00000| PB 0x0000000083a00000| Untracked 
|  58|0x0000000083a00000, 0x0000000083b00000, 0x0000000083b00000|100%| O|  |TAMS 0x0000000083b00000| PB 0x0000000083b00000| Updating 
|  59|0x0000000083b00000, 0x0000000083c00000, 0x0000000083c00000|100%| O|  |TAMS 0x0000000083c00000| PB 0x0000000083c00000| Untracked 
|  60|0x0000000083c00000, 0x0000000083d00000, 0x0000000083d00000|100%| O|  |TAMS 0x0000000083d00000| PB 0x0000000083d00000| Untracked 
|  61|0x0000000083d00000, 0x0000000083e00000, 0x0000000083e00000|100%| O|  |TAMS 0x0000000083e00000| PB 0x0000000083e00000| Untracked 
|  62|0x0000000083e00000, 0x0000000083f00000, 0x0000000083f00000|100%| O|  |TAMS 0x0000000083f00000| PB 0x0000000083f00000| Untracked 
|  63|0x0000000083f00000, 0x0000000084000000, 0x0000000084000000|100%| O|  |TAMS 0x0000000084000000| PB 0x0000000084000000| Untracked 
|  64|0x0000000084000000, 0x0000000084100000, 0x0000000084100000|100%| O|  |TAMS 0x0000000084100000| PB 0x0000000084100000| Untracked 
|  65|0x0000000084100000, 0x0000000084200000, 0x0000000084200000|100%| O|  |TAMS 0x0000000084200000| PB 0x0000000084200000| Untracked 
|  66|0x0000000084200000, 0x0000000084300000, 0x0000000084300000|100%| O|  |TAMS 0x0000000084300000| PB 0x0000000084300000| Untracked 
|  67|0x0000000084300000, 0x0000000084400000, 0x0000000084400000|100%| O|  |TAMS 0x0000000084400000| PB 0x0000000084400000| Untracked 
|  68|0x0000000084400000, 0x0000000084500000, 0x0000000084500000|100%| O|  |TAMS 0x0000000084500000| PB 0x0000000084500000| Untracked 
|  69|0x0000000084500000, 0x0000000084600000, 0x0000000084600000|100%| O|  |TAMS 0x0000000084600000| PB 0x0000000084600000| Untracked 
|  70|0x0000000084600000, 0x0000000084700000, 0x0000000084700000|100%|HS|  |TAMS 0x0000000084700000| PB 0x0000000084600000| Complete 
|  71|0x0000000084700000, 0x0000000084800000, 0x0000000084800000|100%|HS|  |TAMS 0x0000000084800000| PB 0x0000000084700000| Complete 
|  72|0x0000000084800000, 0x0000000084900000, 0x0000000084900000|100%| O|  |TAMS 0x0000000084900000| PB 0x0000000084900000| Untracked 
|  73|0x0000000084900000, 0x0000000084a00000, 0x0000000084a00000|100%| O|  |TAMS 0x0000000084a00000| PB 0x0000000084a00000| Untracked 
|  74|0x0000000084a00000, 0x0000000084b00000, 0x0000000084b00000|100%| O|  |TAMS 0x0000000084b00000| PB 0x0000000084b00000| Updating 
|  75|0x0000000084b00000, 0x0000000084c00000, 0x0000000084c00000|100%| O|  |TAMS 0x0000000084c00000| PB 0x0000000084c00000| Updating 
|  76|0x0000000084c00000, 0x0000000084d00000, 0x0000000084d00000|100%| O|  |TAMS 0x0000000084d00000| PB 0x0000000084d00000| Updating 
|  77|0x0000000084d00000, 0x0000000084e00000, 0x0000000084e00000|100%| O|  |TAMS 0x0000000084e00000| PB 0x0000000084e00000| Untracked 
|  78|0x0000000084e00000, 0x0000000084f00000, 0x0000000084f00000|100%| O|  |TAMS 0x0000000084f00000| PB 0x0000000084f00000| Updating 
|  79|0x0000000084f00000, 0x0000000085000000, 0x0000000085000000|100%|HS|  |TAMS 0x0000000085000000| PB 0x0000000084f00000| Complete 
|  80|0x0000000085000000, 0x0000000085100000, 0x0000000085100000|100%|HS|  |TAMS 0x0000000085100000| PB 0x0000000085000000| Complete 
|  81|0x0000000085100000, 0x0000000085200000, 0x0000000085200000|100%| O|  |TAMS 0x0000000085200000| PB 0x0000000085200000| Updating 
|  82|0x0000000085200000, 0x0000000085300000, 0x0000000085300000|100%|HS|  |TAMS 0x0000000085300000| PB 0x0000000085200000| Complete 
|  83|0x0000000085300000, 0x0000000085400000, 0x0000000085400000|100%|HS|  |TAMS 0x0000000085400000| PB 0x0000000085300000| Complete 
|  84|0x0000000085400000, 0x0000000085500000, 0x0000000085500000|100%| O|  |TAMS 0x0000000085400000| PB 0x0000000085400000| Untracked 
|  85|0x0000000085500000, 0x0000000085600000, 0x0000000085600000|100%| O|  |TAMS 0x0000000085600000| PB 0x0000000085600000| Updating 
|  86|0x0000000085600000, 0x0000000085700000, 0x0000000085700000|100%| O|  |TAMS 0x0000000085700000| PB 0x0000000085700000| Updating 
|  87|0x0000000085700000, 0x0000000085800000, 0x0000000085800000|100%| O|  |TAMS 0x0000000085800000| PB 0x0000000085800000| Untracked 
|  88|0x0000000085800000, 0x0000000085900000, 0x0000000085900000|100%| O|  |TAMS 0x0000000085900000| PB 0x0000000085900000| Untracked 
|  89|0x0000000085900000, 0x0000000085a00000, 0x0000000085a00000|100%| O|  |TAMS 0x0000000085a00000| PB 0x0000000085a00000| Untracked 
|  90|0x0000000085a00000, 0x0000000085b00000, 0x0000000085b00000|100%| O|  |TAMS 0x0000000085b00000| PB 0x0000000085b00000| Updating 
|  91|0x0000000085b00000, 0x0000000085c00000, 0x0000000085c00000|100%| O|  |TAMS 0x0000000085c00000| PB 0x0000000085c00000| Untracked 
|  92|0x0000000085c00000, 0x0000000085d00000, 0x0000000085d00000|100%| O|  |TAMS 0x0000000085d00000| PB 0x0000000085d00000| Updating 
|  93|0x0000000085d00000, 0x0000000085e00000, 0x0000000085e00000|100%|HS|  |TAMS 0x0000000085e00000| PB 0x0000000085d00000| Complete 
|  94|0x0000000085e00000, 0x0000000085f00000, 0x0000000085f00000|100%|HS|  |TAMS 0x0000000085f00000| PB 0x0000000085e00000| Complete 
|  95|0x0000000085f00000, 0x0000000086000000, 0x0000000086000000|100%|HC|  |TAMS 0x0000000086000000| PB 0x0000000085f00000| Complete 
|  96|0x0000000086000000, 0x0000000086100000, 0x0000000086100000|100%|HC|  |TAMS 0x0000000086100000| PB 0x0000000086000000| Complete 
|  97|0x0000000086100000, 0x0000000086200000, 0x0000000086200000|100%| O|  |TAMS 0x0000000086200000| PB 0x0000000086200000| Untracked 
|  98|0x0000000086200000, 0x0000000086300000, 0x0000000086300000|100%| O|  |TAMS 0x0000000086300000| PB 0x0000000086300000| Untracked 
|  99|0x0000000086300000, 0x0000000086400000, 0x0000000086400000|100%| O|  |TAMS 0x0000000086400000| PB 0x0000000086400000| Untracked 
| 100|0x0000000086400000, 0x0000000086500000, 0x0000000086500000|100%| O|  |TAMS 0x0000000086500000| PB 0x0000000086500000| Untracked 
| 101|0x0000000086500000, 0x0000000086600000, 0x0000000086600000|100%| O|  |TAMS 0x0000000086600000| PB 0x0000000086600000| Updating 
| 102|0x0000000086600000, 0x0000000086700000, 0x0000000086700000|100%| O|  |TAMS 0x0000000086700000| PB 0x0000000086700000| Untracked 
| 103|0x0000000086700000, 0x0000000086800000, 0x0000000086800000|100%| O|  |TAMS 0x0000000086800000| PB 0x0000000086800000| Updating 
| 104|0x0000000086800000, 0x0000000086900000, 0x0000000086900000|100%| O|  |TAMS 0x0000000086900000| PB 0x0000000086900000| Untracked 
| 105|0x0000000086900000, 0x0000000086a00000, 0x0000000086a00000|100%| O|  |TAMS 0x0000000086a00000| PB 0x0000000086a00000| Updating 
| 106|0x0000000086a00000, 0x0000000086b00000, 0x0000000086b00000|100%| O|  |TAMS 0x0000000086b00000| PB 0x0000000086b00000| Untracked 
| 107|0x0000000086b00000, 0x0000000086c00000, 0x0000000086c00000|100%| O|  |TAMS 0x0000000086c00000| PB 0x0000000086c00000| Untracked 
| 108|0x0000000086c00000, 0x0000000086d00000, 0x0000000086d00000|100%| O|  |TAMS 0x0000000086d00000| PB 0x0000000086d00000| Untracked 
| 109|0x0000000086d00000, 0x0000000086e00000, 0x0000000086e00000|100%| O|  |TAMS 0x0000000086e00000| PB 0x0000000086e00000| Updating 
| 110|0x0000000086e00000, 0x0000000086f00000, 0x0000000086f00000|100%| O|  |TAMS 0x0000000086f00000| PB 0x0000000086f00000| Untracked 
| 111|0x0000000086f00000, 0x0000000087000000, 0x0000000087000000|100%| O|  |TAMS 0x0000000087000000| PB 0x0000000087000000| Untracked 
| 112|0x0000000087000000, 0x0000000087100000, 0x0000000087100000|100%| O|  |TAMS 0x0000000087100000| PB 0x0000000087100000| Updating 
| 113|0x0000000087100000, 0x0000000087200000, 0x0000000087200000|100%| O|  |TAMS 0x0000000087200000| PB 0x0000000087200000| Untracked 
| 114|0x0000000087200000, 0x0000000087300000, 0x0000000087300000|100%| O|  |TAMS 0x0000000087300000| PB 0x0000000087300000| Untracked 
| 115|0x0000000087300000, 0x0000000087400000, 0x0000000087400000|100%| O|  |TAMS 0x0000000087400000| PB 0x0000000087400000| Untracked 
| 116|0x0000000087400000, 0x0000000087500000, 0x0000000087500000|100%| O|  |TAMS 0x0000000087500000| PB 0x0000000087500000| Untracked 
| 117|0x0000000087500000, 0x0000000087600000, 0x0000000087600000|100%| O|  |TAMS 0x0000000087600000| PB 0x0000000087600000| Updating 
| 118|0x0000000087600000, 0x0000000087700000, 0x0000000087700000|100%| O|  |TAMS 0x0000000087700000| PB 0x0000000087700000| Updating 
| 119|0x0000000087700000, 0x0000000087800000, 0x0000000087800000|100%| O|  |TAMS 0x0000000087800000| PB 0x0000000087800000| Untracked 
| 120|0x0000000087800000, 0x0000000087900000, 0x0000000087900000|100%| O|  |TAMS 0x0000000087900000| PB 0x0000000087900000| Untracked 
| 121|0x0000000087900000, 0x0000000087a00000, 0x0000000087a00000|100%| O|  |TAMS 0x0000000087a00000| PB 0x0000000087a00000| Untracked 
| 122|0x0000000087a00000, 0x0000000087b00000, 0x0000000087b00000|100%| O|  |TAMS 0x0000000087b00000| PB 0x0000000087b00000| Untracked 
| 123|0x0000000087b00000, 0x0000000087c00000, 0x0000000087c00000|100%| O|  |TAMS 0x0000000087c00000| PB 0x0000000087c00000| Untracked 
| 124|0x0000000087c00000, 0x0000000087d00000, 0x0000000087d00000|100%| O|  |TAMS 0x0000000087d00000| PB 0x0000000087d00000| Untracked 
| 125|0x0000000087d00000, 0x0000000087e00000, 0x0000000087e00000|100%| O|  |TAMS 0x0000000087e00000| PB 0x0000000087e00000| Updating 
| 126|0x0000000087e00000, 0x0000000087f00000, 0x0000000087f00000|100%| O|  |TAMS 0x0000000087f00000| PB 0x0000000087f00000| Updating 
| 127|0x0000000087f00000, 0x0000000088000000, 0x0000000088000000|100%| O|  |TAMS 0x0000000088000000| PB 0x0000000088000000| Untracked 
| 128|0x0000000088000000, 0x0000000088100000, 0x0000000088100000|100%| O|  |TAMS 0x0000000088100000| PB 0x0000000088100000| Untracked 
| 129|0x0000000088100000, 0x0000000088200000, 0x0000000088200000|100%| O|  |TAMS 0x0000000088200000| PB 0x0000000088200000| Untracked 
| 130|0x0000000088200000, 0x0000000088300000, 0x0000000088300000|100%| O|  |TAMS 0x0000000088300000| PB 0x0000000088300000| Untracked 
| 131|0x0000000088300000, 0x0000000088400000, 0x0000000088400000|100%| O|  |TAMS 0x0000000088400000| PB 0x0000000088400000| Updating 
| 132|0x0000000088400000, 0x0000000088500000, 0x0000000088500000|100%| O|  |TAMS 0x0000000088500000| PB 0x0000000088500000| Untracked 
| 133|0x0000000088500000, 0x0000000088600000, 0x0000000088600000|100%| O|  |TAMS 0x0000000088600000| PB 0x0000000088600000| Untracked 
| 134|0x0000000088600000, 0x0000000088700000, 0x0000000088700000|100%| O|  |TAMS 0x0000000088700000| PB 0x0000000088700000| Updating 
| 135|0x0000000088700000, 0x0000000088800000, 0x0000000088800000|100%| O|  |TAMS 0x0000000088800000| PB 0x0000000088800000| Updating 
| 136|0x0000000088800000, 0x0000000088900000, 0x0000000088900000|100%|HS|  |TAMS 0x0000000088900000| PB 0x0000000088800000| Complete 
| 137|0x0000000088900000, 0x0000000088a00000, 0x0000000088a00000|100%|HC|  |TAMS 0x0000000088a00000| PB 0x0000000088900000| Complete 
| 138|0x0000000088a00000, 0x0000000088b00000, 0x0000000088b00000|100%| O|  |TAMS 0x0000000088b00000| PB 0x0000000088b00000| Updating 
| 139|0x0000000088b00000, 0x0000000088c00000, 0x0000000088c00000|100%| O|  |TAMS 0x0000000088c00000| PB 0x0000000088c00000| Untracked 
| 140|0x0000000088c00000, 0x0000000088d00000, 0x0000000088d00000|100%| O|  |TAMS 0x0000000088d00000| PB 0x0000000088d00000| Untracked 
| 141|0x0000000088d00000, 0x0000000088e00000, 0x0000000088e00000|100%| O|  |TAMS 0x0000000088e00000| PB 0x0000000088e00000| Untracked 
| 142|0x0000000088e00000, 0x0000000088f00000, 0x0000000088f00000|100%| O|  |TAMS 0x0000000088f00000| PB 0x0000000088f00000| Untracked 
| 143|0x0000000088f00000, 0x0000000089000000, 0x0000000089000000|100%| O|  |TAMS 0x0000000088f00000| PB 0x0000000088f00000| Untracked 
| 144|0x0000000089000000, 0x0000000089100000, 0x0000000089100000|100%| O|  |TAMS 0x0000000089100000| PB 0x0000000089100000| Untracked 
| 145|0x0000000089100000, 0x0000000089200000, 0x0000000089200000|100%| O|  |TAMS 0x0000000089200000| PB 0x0000000089200000| Untracked 
| 146|0x0000000089200000, 0x0000000089300000, 0x0000000089300000|100%| O|  |TAMS 0x0000000089300000| PB 0x0000000089300000| Untracked 
| 147|0x0000000089300000, 0x0000000089400000, 0x0000000089400000|100%| O|  |TAMS 0x0000000089400000| PB 0x0000000089400000| Untracked 
| 148|0x0000000089400000, 0x0000000089500000, 0x0000000089500000|100%| O|  |TAMS 0x0000000089500000| PB 0x0000000089500000| Untracked 
| 149|0x0000000089500000, 0x0000000089600000, 0x0000000089600000|100%| O|  |TAMS 0x0000000089600000| PB 0x0000000089600000| Untracked 
| 150|0x0000000089600000, 0x0000000089700000, 0x0000000089700000|100%| O|  |TAMS 0x0000000089700000| PB 0x0000000089700000| Updating 
| 151|0x0000000089700000, 0x0000000089800000, 0x0000000089800000|100%| O|  |TAMS 0x0000000089800000| PB 0x0000000089800000| Untracked 
| 152|0x0000000089800000, 0x0000000089900000, 0x0000000089900000|100%| O|  |TAMS 0x0000000089900000| PB 0x0000000089900000| Updating 
| 153|0x0000000089900000, 0x0000000089a00000, 0x0000000089a00000|100%| O|  |TAMS 0x0000000089a00000| PB 0x0000000089a00000| Untracked 
| 154|0x0000000089a00000, 0x0000000089b00000, 0x0000000089b00000|100%| O|  |TAMS 0x0000000089b00000| PB 0x0000000089b00000| Untracked 
| 155|0x0000000089b00000, 0x0000000089c00000, 0x0000000089c00000|100%| O|  |TAMS 0x0000000089c00000| PB 0x0000000089c00000| Untracked 
| 156|0x0000000089c00000, 0x0000000089d00000, 0x0000000089d00000|100%| O|  |TAMS 0x0000000089c00000| PB 0x0000000089c00000| Untracked 
| 157|0x0000000089d00000, 0x0000000089e00000, 0x0000000089e00000|100%| O|  |TAMS 0x0000000089e00000| PB 0x0000000089e00000| Updating 
| 158|0x0000000089e00000, 0x0000000089f00000, 0x0000000089f00000|100%| O|  |TAMS 0x0000000089f00000| PB 0x0000000089f00000| Untracked 
| 159|0x0000000089f00000, 0x000000008a000000, 0x000000008a000000|100%| O|  |TAMS 0x000000008a000000| PB 0x000000008a000000| Untracked 
| 160|0x000000008a000000, 0x000000008a100000, 0x000000008a100000|100%| O|  |TAMS 0x000000008a000000| PB 0x000000008a000000| Untracked 
| 161|0x000000008a100000, 0x000000008a200000, 0x000000008a200000|100%| O|  |TAMS 0x000000008a200000| PB 0x000000008a200000| Untracked 
| 162|0x000000008a200000, 0x000000008a300000, 0x000000008a300000|100%| O|  |TAMS 0x000000008a300000| PB 0x000000008a300000| Untracked 
| 163|0x000000008a300000, 0x000000008a400000, 0x000000008a400000|100%| O|  |TAMS 0x000000008a400000| PB 0x000000008a400000| Untracked 
| 164|0x000000008a400000, 0x000000008a500000, 0x000000008a500000|100%| O|  |TAMS 0x000000008a500000| PB 0x000000008a500000| Untracked 
| 165|0x000000008a500000, 0x000000008a600000, 0x000000008a600000|100%| O|  |TAMS 0x000000008a600000| PB 0x000000008a600000| Untracked 
| 166|0x000000008a600000, 0x000000008a700000, 0x000000008a700000|100%| O|  |TAMS 0x000000008a700000| PB 0x000000008a700000| Untracked 
| 167|0x000000008a700000, 0x000000008a800000, 0x000000008a800000|100%| O|  |TAMS 0x000000008a800000| PB 0x000000008a800000| Untracked 
| 168|0x000000008a800000, 0x000000008a900000, 0x000000008a900000|100%| O|  |TAMS 0x000000008a900000| PB 0x000000008a900000| Updating 
| 169|0x000000008a900000, 0x000000008aa00000, 0x000000008aa00000|100%| O|  |TAMS 0x000000008aa00000| PB 0x000000008aa00000| Updating 
| 170|0x000000008aa00000, 0x000000008ab00000, 0x000000008ab00000|100%| O|  |TAMS 0x000000008ab00000| PB 0x000000008ab00000| Untracked 
| 171|0x000000008ab00000, 0x000000008ac00000, 0x000000008ac00000|100%| O|  |TAMS 0x000000008ac00000| PB 0x000000008ac00000| Untracked 
| 172|0x000000008ac00000, 0x000000008ad00000, 0x000000008ad00000|100%| O|  |TAMS 0x000000008ad00000| PB 0x000000008ad00000| Updating 
| 173|0x000000008ad00000, 0x000000008ae00000, 0x000000008ae00000|100%| O|  |TAMS 0x000000008ae00000| PB 0x000000008ae00000| Untracked 
| 174|0x000000008ae00000, 0x000000008af00000, 0x000000008af00000|100%| O|  |TAMS 0x000000008af00000| PB 0x000000008af00000| Untracked 
| 175|0x000000008af00000, 0x000000008b000000, 0x000000008b000000|100%| O|  |TAMS 0x000000008b000000| PB 0x000000008b000000| Updating 
| 176|0x000000008b000000, 0x000000008b100000, 0x000000008b100000|100%|HS|  |TAMS 0x000000008b100000| PB 0x000000008b000000| Complete 
| 177|0x000000008b100000, 0x000000008b200000, 0x000000008b200000|100%|HS|  |TAMS 0x000000008b200000| PB 0x000000008b100000| Complete 
| 178|0x000000008b200000, 0x000000008b300000, 0x000000008b300000|100%| O|  |TAMS 0x000000008b300000| PB 0x000000008b300000| Updating 
| 179|0x000000008b300000, 0x000000008b400000, 0x000000008b400000|100%|HS|  |TAMS 0x000000008b400000| PB 0x000000008b300000| Complete 
| 180|0x000000008b400000, 0x000000008b500000, 0x000000008b500000|100%|HC|  |TAMS 0x000000008b500000| PB 0x000000008b400000| Complete 
| 181|0x000000008b500000, 0x000000008b600000, 0x000000008b600000|100%| O|  |TAMS 0x000000008b600000| PB 0x000000008b600000| Untracked 
| 182|0x000000008b600000, 0x000000008b700000, 0x000000008b700000|100%| O|  |TAMS 0x000000008b700000| PB 0x000000008b700000| Untracked 
| 183|0x000000008b700000, 0x000000008b800000, 0x000000008b800000|100%| O|  |TAMS 0x000000008b800000| PB 0x000000008b800000| Untracked 
| 184|0x000000008b800000, 0x000000008b900000, 0x000000008b900000|100%| O|  |TAMS 0x000000008b900000| PB 0x000000008b900000| Updating 
| 185|0x000000008b900000, 0x000000008ba00000, 0x000000008ba00000|100%| O|  |TAMS 0x000000008ba00000| PB 0x000000008ba00000| Untracked 
| 186|0x000000008ba00000, 0x000000008bb00000, 0x000000008bb00000|100%| O|  |TAMS 0x000000008bb00000| PB 0x000000008bb00000| Untracked 
| 187|0x000000008bb00000, 0x000000008bc00000, 0x000000008bc00000|100%| O|  |TAMS 0x000000008bc00000| PB 0x000000008bc00000| Untracked 
| 188|0x000000008bc00000, 0x000000008bd00000, 0x000000008bd00000|100%| O|  |TAMS 0x000000008bd00000| PB 0x000000008bd00000| Untracked 
| 189|0x000000008bd00000, 0x000000008be00000, 0x000000008be00000|100%| O|  |TAMS 0x000000008be00000| PB 0x000000008be00000| Untracked 
| 190|0x000000008be00000, 0x000000008bf00000, 0x000000008bf00000|100%| O|  |TAMS 0x000000008bf00000| PB 0x000000008bf00000| Updating 
| 191|0x000000008bf00000, 0x000000008c000000, 0x000000008c000000|100%| O|  |TAMS 0x000000008c000000| PB 0x000000008c000000| Untracked 
| 192|0x000000008c000000, 0x000000008c100000, 0x000000008c100000|100%| O|  |TAMS 0x000000008c100000| PB 0x000000008c100000| Untracked 
| 193|0x000000008c100000, 0x000000008c200000, 0x000000008c200000|100%| O|  |TAMS 0x000000008c200000| PB 0x000000008c200000| Untracked 
| 194|0x000000008c200000, 0x000000008c300000, 0x000000008c300000|100%| O|  |TAMS 0x000000008c300000| PB 0x000000008c300000| Untracked 
| 195|0x000000008c300000, 0x000000008c400000, 0x000000008c400000|100%| O|  |TAMS 0x000000008c400000| PB 0x000000008c400000| Untracked 
| 196|0x000000008c400000, 0x000000008c500000, 0x000000008c500000|100%| O|  |TAMS 0x000000008c500000| PB 0x000000008c500000| Untracked 
| 197|0x000000008c500000, 0x000000008c600000, 0x000000008c600000|100%| O|  |TAMS 0x000000008c600000| PB 0x000000008c600000| Untracked 
| 198|0x000000008c600000, 0x000000008c700000, 0x000000008c700000|100%| O|  |TAMS 0x000000008c700000| PB 0x000000008c700000| Untracked 
| 199|0x000000008c700000, 0x000000008c800000, 0x000000008c800000|100%| O|  |TAMS 0x000000008c800000| PB 0x000000008c800000| Untracked 
| 200|0x000000008c800000, 0x000000008c900000, 0x000000008c900000|100%| O|  |TAMS 0x000000008c900000| PB 0x000000008c900000| Updating 
| 201|0x000000008c900000, 0x000000008ca00000, 0x000000008ca00000|100%| O|  |TAMS 0x000000008ca00000| PB 0x000000008ca00000| Updating 
| 202|0x000000008ca00000, 0x000000008cb00000, 0x000000008cb00000|100%|HS|  |TAMS 0x000000008cb00000| PB 0x000000008ca00000| Complete 
| 203|0x000000008cb00000, 0x000000008cc00000, 0x000000008cc00000|100%|HS|  |TAMS 0x000000008cc00000| PB 0x000000008cb00000| Complete 
| 204|0x000000008cc00000, 0x000000008cd00000, 0x000000008cd00000|100%| O|  |TAMS 0x000000008cd00000| PB 0x000000008cd00000| Untracked 
| 205|0x000000008cd00000, 0x000000008ce00000, 0x000000008ce00000|100%| O|  |TAMS 0x000000008ce00000| PB 0x000000008ce00000| Untracked 
| 206|0x000000008ce00000, 0x000000008cf00000, 0x000000008cf00000|100%| O|  |TAMS 0x000000008cf00000| PB 0x000000008cf00000| Untracked 
| 207|0x000000008cf00000, 0x000000008d000000, 0x000000008d000000|100%| O|  |TAMS 0x000000008d000000| PB 0x000000008d000000| Updating 
| 208|0x000000008d000000, 0x000000008d100000, 0x000000008d100000|100%| O|  |TAMS 0x000000008d000000| PB 0x000000008d000000| Untracked 
| 209|0x000000008d100000, 0x000000008d200000, 0x000000008d200000|100%| O|  |TAMS 0x000000008d100000| PB 0x000000008d100000| Untracked 
| 210|0x000000008d200000, 0x000000008d300000, 0x000000008d300000|100%| O|  |TAMS 0x000000008d300000| PB 0x000000008d300000| Untracked 
| 211|0x000000008d300000, 0x000000008d400000, 0x000000008d400000|100%| O|  |TAMS 0x000000008d400000| PB 0x000000008d400000| Untracked 
| 212|0x000000008d400000, 0x000000008d500000, 0x000000008d500000|100%| O|  |TAMS 0x000000008d500000| PB 0x000000008d500000| Untracked 
| 213|0x000000008d500000, 0x000000008d600000, 0x000000008d600000|100%| O|  |TAMS 0x000000008d600000| PB 0x000000008d600000| Untracked 
| 214|0x000000008d600000, 0x000000008d700000, 0x000000008d700000|100%| O|  |TAMS 0x000000008d700000| PB 0x000000008d700000| Untracked 
| 215|0x000000008d700000, 0x000000008d800000, 0x000000008d800000|100%| O|  |TAMS 0x000000008d800000| PB 0x000000008d800000| Untracked 
| 216|0x000000008d800000, 0x000000008d900000, 0x000000008d900000|100%| O|  |TAMS 0x000000008d900000| PB 0x000000008d900000| Untracked 
| 217|0x000000008d900000, 0x000000008da00000, 0x000000008da00000|100%| O|  |TAMS 0x000000008da00000| PB 0x000000008da00000| Untracked 
| 218|0x000000008da00000, 0x000000008db00000, 0x000000008db00000|100%| O|  |TAMS 0x000000008db00000| PB 0x000000008db00000| Untracked 
| 219|0x000000008db00000, 0x000000008dc00000, 0x000000008dc00000|100%| O|  |TAMS 0x000000008dc00000| PB 0x000000008dc00000| Untracked 
| 220|0x000000008dc00000, 0x000000008dd00000, 0x000000008dd00000|100%| O|  |TAMS 0x000000008dd00000| PB 0x000000008dd00000| Untracked 
| 221|0x000000008dd00000, 0x000000008de00000, 0x000000008de00000|100%| O|  |TAMS 0x000000008de00000| PB 0x000000008de00000| Untracked 
| 222|0x000000008de00000, 0x000000008df00000, 0x000000008df00000|100%| O|  |TAMS 0x000000008df00000| PB 0x000000008df00000| Updating 
| 223|0x000000008df00000, 0x000000008e000000, 0x000000008e000000|100%| O|  |TAMS 0x000000008e000000| PB 0x000000008e000000| Untracked 
| 224|0x000000008e000000, 0x000000008e100000, 0x000000008e100000|100%| O|  |TAMS 0x000000008e000000| PB 0x000000008e000000| Untracked 
| 225|0x000000008e100000, 0x000000008e200000, 0x000000008e200000|100%| O|  |TAMS 0x000000008e100000| PB 0x000000008e100000| Untracked 
| 226|0x000000008e200000, 0x000000008e300000, 0x000000008e300000|100%| O|  |TAMS 0x000000008e300000| PB 0x000000008e300000| Untracked 
| 227|0x000000008e300000, 0x000000008e400000, 0x000000008e400000|100%| O|  |TAMS 0x000000008e400000| PB 0x000000008e400000| Untracked 
| 228|0x000000008e400000, 0x000000008e500000, 0x000000008e500000|100%| O|  |TAMS 0x000000008e500000| PB 0x000000008e500000| Untracked 
| 229|0x000000008e500000, 0x000000008e600000, 0x000000008e600000|100%| O|  |TAMS 0x000000008e600000| PB 0x000000008e600000| Untracked 
| 230|0x000000008e600000, 0x000000008e700000, 0x000000008e700000|100%| O|  |TAMS 0x000000008e700000| PB 0x000000008e700000| Updating 
| 231|0x000000008e700000, 0x000000008e800000, 0x000000008e800000|100%| O|  |TAMS 0x000000008e800000| PB 0x000000008e800000| Updating 
| 232|0x000000008e800000, 0x000000008e900000, 0x000000008e900000|100%| O|  |TAMS 0x000000008e900000| PB 0x000000008e900000| Updating 
| 233|0x000000008e900000, 0x000000008ea00000, 0x000000008ea00000|100%| O|  |TAMS 0x000000008ea00000| PB 0x000000008ea00000| Updating 
| 234|0x000000008ea00000, 0x000000008eb00000, 0x000000008eb00000|100%| O|  |TAMS 0x000000008eb00000| PB 0x000000008eb00000| Untracked 
| 235|0x000000008eb00000, 0x000000008ec00000, 0x000000008ec00000|100%| O|  |TAMS 0x000000008ec00000| PB 0x000000008ec00000| Untracked 
| 236|0x000000008ec00000, 0x000000008ed00000, 0x000000008ed00000|100%| O|  |TAMS 0x000000008ed00000| PB 0x000000008ed00000| Untracked 
| 237|0x000000008ed00000, 0x000000008ee00000, 0x000000008ee00000|100%| O|  |TAMS 0x000000008ee00000| PB 0x000000008ee00000| Untracked 
| 238|0x000000008ee00000, 0x000000008ef00000, 0x000000008ef00000|100%| O|  |TAMS 0x000000008ef00000| PB 0x000000008ef00000| Untracked 
| 239|0x000000008ef00000, 0x000000008f000000, 0x000000008f000000|100%| O|  |TAMS 0x000000008f000000| PB 0x000000008f000000| Untracked 
| 240|0x000000008f000000, 0x000000008f100000, 0x000000008f100000|100%| O|  |TAMS 0x000000008f100000| PB 0x000000008f100000| Untracked 
| 241|0x000000008f100000, 0x000000008f200000, 0x000000008f200000|100%| O|  |TAMS 0x000000008f200000| PB 0x000000008f200000| Untracked 
| 242|0x000000008f200000, 0x000000008f300000, 0x000000008f300000|100%| O|  |TAMS 0x000000008f300000| PB 0x000000008f300000| Untracked 
| 243|0x000000008f300000, 0x000000008f400000, 0x000000008f400000|100%| O|  |TAMS 0x000000008f400000| PB 0x000000008f400000| Untracked 
| 244|0x000000008f400000, 0x000000008f500000, 0x000000008f500000|100%| O|  |TAMS 0x000000008f500000| PB 0x000000008f500000| Updating 
| 245|0x000000008f500000, 0x000000008f600000, 0x000000008f600000|100%| O|  |TAMS 0x000000008f600000| PB 0x000000008f600000| Updating 
| 246|0x000000008f600000, 0x000000008f700000, 0x000000008f700000|100%| O|  |TAMS 0x000000008f62c4e0| PB 0x000000008f62c4e0| Untracked 
| 247|0x000000008f700000, 0x000000008f800000, 0x000000008f800000|100%| O|  |TAMS 0x000000008f700000| PB 0x000000008f700000| Untracked 
| 248|0x000000008f800000, 0x000000008f900000, 0x000000008f900000|100%| O|  |TAMS 0x000000008f800000| PB 0x000000008f800000| Untracked 
| 249|0x000000008f900000, 0x000000008fa00000, 0x000000008fa00000|100%| O|  |TAMS 0x000000008f900000| PB 0x000000008f900000| Untracked 
| 250|0x000000008fa00000, 0x000000008fb00000, 0x000000008fb00000|100%| O|  |TAMS 0x000000008fa00000| PB 0x000000008fa00000| Untracked 
| 251|0x000000008fb00000, 0x000000008fc00000, 0x000000008fc00000|100%| O|  |TAMS 0x000000008fb00000| PB 0x000000008fb00000| Untracked 
| 252|0x000000008fc00000, 0x000000008fd00000, 0x000000008fd00000|100%| O|  |TAMS 0x000000008fc00000| PB 0x000000008fc00000| Untracked 
| 253|0x000000008fd00000, 0x000000008fe00000, 0x000000008fe00000|100%| O|  |TAMS 0x000000008fd00000| PB 0x000000008fd00000| Untracked 
| 254|0x000000008fe00000, 0x000000008ff00000, 0x000000008ff00000|100%| O|  |TAMS 0x000000008fe00000| PB 0x000000008fe00000| Untracked 
| 255|0x000000008ff00000, 0x000000008fff24e0, 0x0000000090000000| 94%| O|  |TAMS 0x000000008ff00000| PB 0x000000008ff00000| Untracked 
| 256|0x0000000090000000, 0x0000000090100000, 0x0000000090100000|100%|HS|  |TAMS 0x0000000090000000| PB 0x0000000090000000| Complete 
| 257|0x0000000090100000, 0x0000000090200000, 0x0000000090200000|100%|HS|  |TAMS 0x0000000090100000| PB 0x0000000090100000| Complete 
| 258|0x0000000090200000, 0x0000000090300000, 0x0000000090300000|100%|HS|  |TAMS 0x0000000090200000| PB 0x0000000090200000| Complete 
| 259|0x0000000090300000, 0x0000000090400000, 0x0000000090400000|100%|HS|  |TAMS 0x0000000090300000| PB 0x0000000090300000| Complete 
| 260|0x0000000090400000, 0x0000000090500000, 0x0000000090500000|100%|HS|  |TAMS 0x0000000090400000| PB 0x0000000090400000| Complete 
| 261|0x0000000090500000, 0x0000000090500000, 0x0000000090600000|  0%| F|  |TAMS 0x0000000090500000| PB 0x0000000090500000| Untracked 
| 262|0x0000000090600000, 0x0000000090600000, 0x0000000090700000|  0%| F|  |TAMS 0x0000000090600000| PB 0x0000000090600000| Untracked 
| 263|0x0000000090700000, 0x0000000090700000, 0x0000000090800000|  0%| F|  |TAMS 0x0000000090700000| PB 0x0000000090700000| Untracked 
| 264|0x0000000090800000, 0x0000000090800000, 0x0000000090900000|  0%| F|  |TAMS 0x0000000090800000| PB 0x0000000090800000| Untracked 
| 265|0x0000000090900000, 0x0000000090900000, 0x0000000090a00000|  0%| F|  |TAMS 0x0000000090900000| PB 0x0000000090900000| Untracked 
| 266|0x0000000090a00000, 0x0000000090a00000, 0x0000000090b00000|  0%| F|  |TAMS 0x0000000090a00000| PB 0x0000000090a00000| Untracked 
| 267|0x0000000090b00000, 0x0000000090b00000, 0x0000000090c00000|  0%| F|  |TAMS 0x0000000090b00000| PB 0x0000000090b00000| Untracked 
| 268|0x0000000090c00000, 0x0000000090c00000, 0x0000000090d00000|  0%| F|  |TAMS 0x0000000090c00000| PB 0x0000000090c00000| Untracked 
| 269|0x0000000090d00000, 0x0000000090d00000, 0x0000000090e00000|  0%| F|  |TAMS 0x0000000090d00000| PB 0x0000000090d00000| Untracked 
| 270|0x0000000090e00000, 0x0000000090e00000, 0x0000000090f00000|  0%| F|  |TAMS 0x0000000090e00000| PB 0x0000000090e00000| Untracked 
| 271|0x0000000090f00000, 0x0000000090f00000, 0x0000000091000000|  0%| F|  |TAMS 0x0000000090f00000| PB 0x0000000090f00000| Untracked 
| 272|0x0000000091000000, 0x0000000091000000, 0x0000000091100000|  0%| F|  |TAMS 0x0000000091000000| PB 0x0000000091000000| Untracked 
| 273|0x0000000091100000, 0x0000000091100000, 0x0000000091200000|  0%| F|  |TAMS 0x0000000091100000| PB 0x0000000091100000| Untracked 
| 274|0x0000000091200000, 0x0000000091200000, 0x0000000091300000|  0%| F|  |TAMS 0x0000000091200000| PB 0x0000000091200000| Untracked 
| 275|0x0000000091300000, 0x0000000091300000, 0x0000000091400000|  0%| F|  |TAMS 0x0000000091300000| PB 0x0000000091300000| Untracked 
| 276|0x0000000091400000, 0x0000000091400000, 0x0000000091500000|  0%| F|  |TAMS 0x0000000091400000| PB 0x0000000091400000| Untracked 
| 277|0x0000000091500000, 0x0000000091500000, 0x0000000091600000|  0%| F|  |TAMS 0x0000000091500000| PB 0x0000000091500000| Untracked 
| 278|0x0000000091600000, 0x0000000091600000, 0x0000000091700000|  0%| F|  |TAMS 0x0000000091600000| PB 0x0000000091600000| Untracked 
| 279|0x0000000091700000, 0x0000000091700000, 0x0000000091800000|  0%| F|  |TAMS 0x0000000091700000| PB 0x0000000091700000| Untracked 
| 280|0x0000000091800000, 0x0000000091800000, 0x0000000091900000|  0%| F|  |TAMS 0x0000000091800000| PB 0x0000000091800000| Untracked 
| 281|0x0000000091900000, 0x0000000091900000, 0x0000000091a00000|  0%| F|  |TAMS 0x0000000091900000| PB 0x0000000091900000| Untracked 
| 282|0x0000000091a00000, 0x0000000091a00000, 0x0000000091b00000|  0%| F|  |TAMS 0x0000000091a00000| PB 0x0000000091a00000| Untracked 
| 283|0x0000000091b00000, 0x0000000091b00000, 0x0000000091c00000|  0%| F|  |TAMS 0x0000000091b00000| PB 0x0000000091b00000| Untracked 
| 284|0x0000000091c00000, 0x0000000091c00000, 0x0000000091d00000|  0%| F|  |TAMS 0x0000000091c00000| PB 0x0000000091c00000| Untracked 
| 285|0x0000000091d00000, 0x0000000091d00000, 0x0000000091e00000|  0%| F|  |TAMS 0x0000000091d00000| PB 0x0000000091d00000| Untracked 
| 286|0x0000000091e00000, 0x0000000091e00000, 0x0000000091f00000|  0%| F|  |TAMS 0x0000000091e00000| PB 0x0000000091e00000| Untracked 
| 287|0x0000000091f00000, 0x0000000091f00000, 0x0000000092000000|  0%| F|  |TAMS 0x0000000091f00000| PB 0x0000000091f00000| Untracked 
| 288|0x0000000092000000, 0x0000000092000000, 0x0000000092100000|  0%| F|  |TAMS 0x0000000092000000| PB 0x0000000092000000| Untracked 
| 289|0x0000000092100000, 0x0000000092100000, 0x0000000092200000|  0%| F|  |TAMS 0x0000000092100000| PB 0x0000000092100000| Untracked 
| 290|0x0000000092200000, 0x0000000092200000, 0x0000000092300000|  0%| F|  |TAMS 0x0000000092200000| PB 0x0000000092200000| Untracked 
| 291|0x0000000092300000, 0x0000000092300000, 0x0000000092400000|  0%| F|  |TAMS 0x0000000092300000| PB 0x0000000092300000| Untracked 
| 292|0x0000000092400000, 0x0000000092400000, 0x0000000092500000|  0%| F|  |TAMS 0x0000000092400000| PB 0x0000000092400000| Untracked 
| 293|0x0000000092500000, 0x0000000092500000, 0x0000000092600000|  0%| F|  |TAMS 0x0000000092500000| PB 0x0000000092500000| Untracked 
| 294|0x0000000092600000, 0x0000000092600000, 0x0000000092700000|  0%| F|  |TAMS 0x0000000092600000| PB 0x0000000092600000| Untracked 
| 295|0x0000000092700000, 0x0000000092700000, 0x0000000092800000|  0%| F|  |TAMS 0x0000000092700000| PB 0x0000000092700000| Untracked 
| 296|0x0000000092800000, 0x0000000092800000, 0x0000000092900000|  0%| F|  |TAMS 0x0000000092800000| PB 0x0000000092800000| Untracked 
| 297|0x0000000092900000, 0x0000000092900000, 0x0000000092a00000|  0%| F|  |TAMS 0x0000000092900000| PB 0x0000000092900000| Untracked 
| 298|0x0000000092a00000, 0x0000000092a00000, 0x0000000092b00000|  0%| F|  |TAMS 0x0000000092a00000| PB 0x0000000092a00000| Untracked 
| 299|0x0000000092b00000, 0x0000000092b00000, 0x0000000092c00000|  0%| F|  |TAMS 0x0000000092b00000| PB 0x0000000092b00000| Untracked 
| 300|0x0000000092c00000, 0x0000000092c00000, 0x0000000092d00000|  0%| F|  |TAMS 0x0000000092c00000| PB 0x0000000092c00000| Untracked 
| 301|0x0000000092d00000, 0x0000000092d00000, 0x0000000092e00000|  0%| F|  |TAMS 0x0000000092d00000| PB 0x0000000092d00000| Untracked 
| 302|0x0000000092e00000, 0x0000000092e00000, 0x0000000092f00000|  0%| F|  |TAMS 0x0000000092e00000| PB 0x0000000092e00000| Untracked 
| 303|0x0000000092f00000, 0x0000000092f00000, 0x0000000093000000|  0%| F|  |TAMS 0x0000000092f00000| PB 0x0000000092f00000| Untracked 
| 304|0x0000000093000000, 0x0000000093000000, 0x0000000093100000|  0%| F|  |TAMS 0x0000000093000000| PB 0x0000000093000000| Untracked 
| 305|0x0000000093100000, 0x0000000093100000, 0x0000000093200000|  0%| F|  |TAMS 0x0000000093100000| PB 0x0000000093100000| Untracked 
| 306|0x0000000093200000, 0x0000000093200000, 0x0000000093300000|  0%| F|  |TAMS 0x0000000093200000| PB 0x0000000093200000| Untracked 
| 307|0x0000000093300000, 0x0000000093300000, 0x0000000093400000|  0%| F|  |TAMS 0x0000000093300000| PB 0x0000000093300000| Untracked 
| 308|0x0000000093400000, 0x0000000093400000, 0x0000000093500000|  0%| F|  |TAMS 0x0000000093400000| PB 0x0000000093400000| Untracked 
| 309|0x0000000093500000, 0x0000000093600000, 0x0000000093600000|100%| S|CS|TAMS 0x0000000093500000| PB 0x0000000093500000| Complete 
| 310|0x0000000093600000, 0x0000000093700000, 0x0000000093700000|100%| S|CS|TAMS 0x0000000093600000| PB 0x0000000093600000| Complete 
| 311|0x0000000093700000, 0x0000000093800000, 0x0000000093800000|100%| S|CS|TAMS 0x0000000093700000| PB 0x0000000093700000| Complete 
| 312|0x0000000093800000, 0x0000000093900000, 0x0000000093900000|100%| S|CS|TAMS 0x0000000093800000| PB 0x0000000093800000| Complete 
| 313|0x0000000093900000, 0x0000000093a00000, 0x0000000093a00000|100%| S|CS|TAMS 0x0000000093900000| PB 0x0000000093900000| Complete 
| 314|0x0000000093a00000, 0x0000000093b00000, 0x0000000093b00000|100%| S|CS|TAMS 0x0000000093a00000| PB 0x0000000093a00000| Complete 
| 315|0x0000000093b00000, 0x0000000093c00000, 0x0000000093c00000|100%| S|CS|TAMS 0x0000000093b00000| PB 0x0000000093b00000| Complete 
| 316|0x0000000093c00000, 0x0000000093d00000, 0x0000000093d00000|100%| S|CS|TAMS 0x0000000093c00000| PB 0x0000000093c00000| Complete 
| 317|0x0000000093d00000, 0x0000000093e00000, 0x0000000093e00000|100%| S|CS|TAMS 0x0000000093d00000| PB 0x0000000093d00000| Complete 
| 318|0x0000000093e00000, 0x0000000093e00000, 0x0000000093f00000|  0%| F|  |TAMS 0x0000000093e00000| PB 0x0000000093e00000| Untracked 
| 319|0x0000000093f00000, 0x0000000093f00000, 0x0000000094000000|  0%| F|  |TAMS 0x0000000093f00000| PB 0x0000000093f00000| Untracked 
| 320|0x0000000094000000, 0x0000000094000000, 0x0000000094100000|  0%| F|  |TAMS 0x0000000094000000| PB 0x0000000094000000| Untracked 
| 321|0x0000000094100000, 0x0000000094100000, 0x0000000094200000|  0%| F|  |TAMS 0x0000000094100000| PB 0x0000000094100000| Untracked 
| 322|0x0000000094200000, 0x0000000094200000, 0x0000000094300000|  0%| F|  |TAMS 0x0000000094200000| PB 0x0000000094200000| Untracked 
| 323|0x0000000094300000, 0x0000000094300000, 0x0000000094400000|  0%| F|  |TAMS 0x0000000094300000| PB 0x0000000094300000| Untracked 
| 324|0x0000000094400000, 0x0000000094400000, 0x0000000094500000|  0%| F|  |TAMS 0x0000000094400000| PB 0x0000000094400000| Untracked 
| 325|0x0000000094500000, 0x0000000094500000, 0x0000000094600000|  0%| F|  |TAMS 0x0000000094500000| PB 0x0000000094500000| Untracked 
| 326|0x0000000094600000, 0x0000000094600000, 0x0000000094700000|  0%| F|  |TAMS 0x0000000094600000| PB 0x0000000094600000| Untracked 
| 327|0x0000000094700000, 0x0000000094700000, 0x0000000094800000|  0%| F|  |TAMS 0x0000000094700000| PB 0x0000000094700000| Untracked 
| 328|0x0000000094800000, 0x0000000094800000, 0x0000000094900000|  0%| F|  |TAMS 0x0000000094800000| PB 0x0000000094800000| Untracked 
| 329|0x0000000094900000, 0x0000000094900000, 0x0000000094a00000|  0%| F|  |TAMS 0x0000000094900000| PB 0x0000000094900000| Untracked 
| 330|0x0000000094a00000, 0x0000000094a00000, 0x0000000094b00000|  0%| F|  |TAMS 0x0000000094a00000| PB 0x0000000094a00000| Untracked 
| 331|0x0000000094b00000, 0x0000000094b00000, 0x0000000094c00000|  0%| F|  |TAMS 0x0000000094b00000| PB 0x0000000094b00000| Untracked 
| 332|0x0000000094c00000, 0x0000000094c00000, 0x0000000094d00000|  0%| F|  |TAMS 0x0000000094c00000| PB 0x0000000094c00000| Untracked 
| 333|0x0000000094d00000, 0x0000000094d00000, 0x0000000094e00000|  0%| F|  |TAMS 0x0000000094d00000| PB 0x0000000094d00000| Untracked 
| 334|0x0000000094e00000, 0x0000000094e00000, 0x0000000094f00000|  0%| F|  |TAMS 0x0000000094e00000| PB 0x0000000094e00000| Untracked 
| 335|0x0000000094f00000, 0x0000000094f00000, 0x0000000095000000|  0%| F|  |TAMS 0x0000000094f00000| PB 0x0000000094f00000| Untracked 
| 336|0x0000000095000000, 0x0000000095000000, 0x0000000095100000|  0%| F|  |TAMS 0x0000000095000000| PB 0x0000000095000000| Untracked 
| 337|0x0000000095100000, 0x0000000095100000, 0x0000000095200000|  0%| F|  |TAMS 0x0000000095100000| PB 0x0000000095100000| Untracked 
| 338|0x0000000095200000, 0x0000000095200000, 0x0000000095300000|  0%| F|  |TAMS 0x0000000095200000| PB 0x0000000095200000| Untracked 
| 339|0x0000000095300000, 0x0000000095300000, 0x0000000095400000|  0%| F|  |TAMS 0x0000000095300000| PB 0x0000000095300000| Untracked 
| 340|0x0000000095400000, 0x0000000095400000, 0x0000000095500000|  0%| F|  |TAMS 0x0000000095400000| PB 0x0000000095400000| Untracked 
| 341|0x0000000095500000, 0x0000000095500000, 0x0000000095600000|  0%| F|  |TAMS 0x0000000095500000| PB 0x0000000095500000| Untracked 
| 342|0x0000000095600000, 0x0000000095600000, 0x0000000095700000|  0%| F|  |TAMS 0x0000000095600000| PB 0x0000000095600000| Untracked 
| 343|0x0000000095700000, 0x0000000095700000, 0x0000000095800000|  0%| F|  |TAMS 0x0000000095700000| PB 0x0000000095700000| Untracked 
| 344|0x0000000095800000, 0x0000000095800000, 0x0000000095900000|  0%| F|  |TAMS 0x0000000095800000| PB 0x0000000095800000| Untracked 
| 345|0x0000000095900000, 0x0000000095900000, 0x0000000095a00000|  0%| F|  |TAMS 0x0000000095900000| PB 0x0000000095900000| Untracked 
| 346|0x0000000095a00000, 0x0000000095a00000, 0x0000000095b00000|  0%| F|  |TAMS 0x0000000095a00000| PB 0x0000000095a00000| Untracked 
| 347|0x0000000095b00000, 0x0000000095b00000, 0x0000000095c00000|  0%| F|  |TAMS 0x0000000095b00000| PB 0x0000000095b00000| Untracked 
| 348|0x0000000095c00000, 0x0000000095c00000, 0x0000000095d00000|  0%| F|  |TAMS 0x0000000095c00000| PB 0x0000000095c00000| Untracked 
| 349|0x0000000095d00000, 0x0000000095d00000, 0x0000000095e00000|  0%| F|  |TAMS 0x0000000095d00000| PB 0x0000000095d00000| Untracked 
| 350|0x0000000095e00000, 0x0000000095e00000, 0x0000000095f00000|  0%| F|  |TAMS 0x0000000095e00000| PB 0x0000000095e00000| Untracked 
| 351|0x0000000095f00000, 0x0000000095f00000, 0x0000000096000000|  0%| F|  |TAMS 0x0000000095f00000| PB 0x0000000095f00000| Untracked 
| 352|0x0000000096000000, 0x0000000096000000, 0x0000000096100000|  0%| F|  |TAMS 0x0000000096000000| PB 0x0000000096000000| Untracked 
| 353|0x0000000096100000, 0x0000000096100000, 0x0000000096200000|  0%| F|  |TAMS 0x0000000096100000| PB 0x0000000096100000| Untracked 
| 354|0x0000000096200000, 0x0000000096200000, 0x0000000096300000|  0%| F|  |TAMS 0x0000000096200000| PB 0x0000000096200000| Untracked 
| 355|0x0000000096300000, 0x0000000096300000, 0x0000000096400000|  0%| F|  |TAMS 0x0000000096300000| PB 0x0000000096300000| Untracked 
| 356|0x0000000096400000, 0x0000000096400000, 0x0000000096500000|  0%| F|  |TAMS 0x0000000096400000| PB 0x0000000096400000| Untracked 
| 357|0x0000000096500000, 0x0000000096500000, 0x0000000096600000|  0%| F|  |TAMS 0x0000000096500000| PB 0x0000000096500000| Untracked 
| 358|0x0000000096600000, 0x0000000096600000, 0x0000000096700000|  0%| F|  |TAMS 0x0000000096600000| PB 0x0000000096600000| Untracked 
| 359|0x0000000096700000, 0x0000000096700000, 0x0000000096800000|  0%| F|  |TAMS 0x0000000096700000| PB 0x0000000096700000| Untracked 
| 360|0x0000000096800000, 0x0000000096800000, 0x0000000096900000|  0%| F|  |TAMS 0x0000000096800000| PB 0x0000000096800000| Untracked 
| 361|0x0000000096900000, 0x0000000096900000, 0x0000000096a00000|  0%| F|  |TAMS 0x0000000096900000| PB 0x0000000096900000| Untracked 
| 362|0x0000000096a00000, 0x0000000096a00000, 0x0000000096b00000|  0%| F|  |TAMS 0x0000000096a00000| PB 0x0000000096a00000| Untracked 
| 363|0x0000000096b00000, 0x0000000096b00000, 0x0000000096c00000|  0%| F|  |TAMS 0x0000000096b00000| PB 0x0000000096b00000| Untracked 
| 364|0x0000000096c00000, 0x0000000096c00000, 0x0000000096d00000|  0%| F|  |TAMS 0x0000000096c00000| PB 0x0000000096c00000| Untracked 
| 365|0x0000000096d00000, 0x0000000096d00000, 0x0000000096e00000|  0%| F|  |TAMS 0x0000000096d00000| PB 0x0000000096d00000| Untracked 
| 366|0x0000000096e00000, 0x0000000096e00000, 0x0000000096f00000|  0%| F|  |TAMS 0x0000000096e00000| PB 0x0000000096e00000| Untracked 
| 367|0x0000000096f00000, 0x0000000096f00000, 0x0000000097000000|  0%| F|  |TAMS 0x0000000096f00000| PB 0x0000000096f00000| Untracked 
| 368|0x0000000097000000, 0x0000000097000000, 0x0000000097100000|  0%| F|  |TAMS 0x0000000097000000| PB 0x0000000097000000| Untracked 
| 369|0x0000000097100000, 0x0000000097100000, 0x0000000097200000|  0%| F|  |TAMS 0x0000000097100000| PB 0x0000000097100000| Untracked 
| 370|0x0000000097200000, 0x0000000097200000, 0x0000000097300000|  0%| F|  |TAMS 0x0000000097200000| PB 0x0000000097200000| Untracked 
| 371|0x0000000097300000, 0x0000000097300000, 0x0000000097400000|  0%| F|  |TAMS 0x0000000097300000| PB 0x0000000097300000| Untracked 
| 372|0x0000000097400000, 0x0000000097400000, 0x0000000097500000|  0%| F|  |TAMS 0x0000000097400000| PB 0x0000000097400000| Untracked 
| 373|0x0000000097500000, 0x0000000097500000, 0x0000000097600000|  0%| F|  |TAMS 0x0000000097500000| PB 0x0000000097500000| Untracked 
| 374|0x0000000097600000, 0x0000000097600000, 0x0000000097700000|  0%| F|  |TAMS 0x0000000097600000| PB 0x0000000097600000| Untracked 
| 375|0x0000000097700000, 0x0000000097700000, 0x0000000097800000|  0%| F|  |TAMS 0x0000000097700000| PB 0x0000000097700000| Untracked 
| 376|0x0000000097800000, 0x0000000097800000, 0x0000000097900000|  0%| F|  |TAMS 0x0000000097800000| PB 0x0000000097800000| Untracked 
| 377|0x0000000097900000, 0x0000000097900000, 0x0000000097a00000|  0%| F|  |TAMS 0x0000000097900000| PB 0x0000000097900000| Untracked 
| 378|0x0000000097a00000, 0x0000000097a00000, 0x0000000097b00000|  0%| F|  |TAMS 0x0000000097a00000| PB 0x0000000097a00000| Untracked 
| 379|0x0000000097b00000, 0x0000000097b00000, 0x0000000097c00000|  0%| F|  |TAMS 0x0000000097b00000| PB 0x0000000097b00000| Untracked 
| 380|0x0000000097c00000, 0x0000000097c00000, 0x0000000097d00000|  0%| F|  |TAMS 0x0000000097c00000| PB 0x0000000097c00000| Untracked 
| 381|0x0000000097d00000, 0x0000000097d00000, 0x0000000097e00000|  0%| F|  |TAMS 0x0000000097d00000| PB 0x0000000097d00000| Untracked 
| 382|0x0000000097e00000, 0x0000000097e00000, 0x0000000097f00000|  0%| F|  |TAMS 0x0000000097e00000| PB 0x0000000097e00000| Untracked 
| 383|0x0000000097f00000, 0x0000000097f00000, 0x0000000098000000|  0%| F|  |TAMS 0x0000000097f00000| PB 0x0000000097f00000| Untracked 
| 384|0x0000000098000000, 0x0000000098000000, 0x0000000098100000|  0%| F|  |TAMS 0x0000000098000000| PB 0x0000000098000000| Untracked 
| 385|0x0000000098100000, 0x0000000098100000, 0x0000000098200000|  0%| F|  |TAMS 0x0000000098100000| PB 0x0000000098100000| Untracked 
| 386|0x0000000098200000, 0x0000000098200000, 0x0000000098300000|  0%| F|  |TAMS 0x0000000098200000| PB 0x0000000098200000| Untracked 
| 387|0x0000000098300000, 0x0000000098300000, 0x0000000098400000|  0%| F|  |TAMS 0x0000000098300000| PB 0x0000000098300000| Untracked 
| 388|0x0000000098400000, 0x0000000098400000, 0x0000000098500000|  0%| F|  |TAMS 0x0000000098400000| PB 0x0000000098400000| Untracked 
| 389|0x0000000098500000, 0x0000000098500000, 0x0000000098600000|  0%| F|  |TAMS 0x0000000098500000| PB 0x0000000098500000| Untracked 
| 390|0x0000000098600000, 0x0000000098600000, 0x0000000098700000|  0%| F|  |TAMS 0x0000000098600000| PB 0x0000000098600000| Untracked 
| 391|0x0000000098700000, 0x0000000098700000, 0x0000000098800000|  0%| F|  |TAMS 0x0000000098700000| PB 0x0000000098700000| Untracked 
| 392|0x0000000098800000, 0x0000000098894cd8, 0x0000000098900000| 58%| E|  |TAMS 0x0000000098800000| PB 0x0000000098800000| Complete 
| 393|0x0000000098900000, 0x0000000098a00000, 0x0000000098a00000|100%| E|CS|TAMS 0x0000000098900000| PB 0x0000000098900000| Complete 
| 394|0x0000000098a00000, 0x0000000098b00000, 0x0000000098b00000|100%| E|CS|TAMS 0x0000000098a00000| PB 0x0000000098a00000| Complete 
| 395|0x0000000098b00000, 0x0000000098c00000, 0x0000000098c00000|100%| E|CS|TAMS 0x0000000098b00000| PB 0x0000000098b00000| Complete 
| 396|0x0000000098c00000, 0x0000000098d00000, 0x0000000098d00000|100%| E|CS|TAMS 0x0000000098c00000| PB 0x0000000098c00000| Complete 
| 397|0x0000000098d00000, 0x0000000098e00000, 0x0000000098e00000|100%| E|CS|TAMS 0x0000000098d00000| PB 0x0000000098d00000| Complete 
|2042|0x00000000ffa00000, 0x00000000ffb00000, 0x00000000ffb00000|100%| E|CS|TAMS 0x00000000ffa00000| PB 0x00000000ffa00000| Complete 
|2043|0x00000000ffb00000, 0x00000000ffc00000, 0x00000000ffc00000|100%| O|  |TAMS 0x00000000ffc00000| PB 0x00000000ffc00000| Updating 
|2044|0x00000000ffc00000, 0x00000000ffd00000, 0x00000000ffd00000|100%| O|  |TAMS 0x00000000ffd00000| PB 0x00000000ffd00000| Updating 
|2045|0x00000000ffd00000, 0x00000000ffe00000, 0x00000000ffe00000|100%| O|  |TAMS 0x00000000ffe00000| PB 0x00000000ffe00000| Updating 
|2046|0x00000000ffe00000, 0x00000000fff00000, 0x00000000fff00000|100%| O|  |TAMS 0x00000000fff00000| PB 0x00000000fff00000| Updating 
|2047|0x00000000fff00000, 0x0000000100000000, 0x0000000100000000|100%| O|  |TAMS 0x0000000100000000| PB 0x0000000100000000| Untracked 

Card table byte_map: [0x000001982bb90000,0x000001982bf90000] _byte_map_base: 0x000001982b790000

Marking Bits: (CMBitMap*) 0x0000019813daaf90
 Bits: [0x000001982bf90000, 0x000001982df90000)

Polling page: 0x0000019811b90000

Metaspace:

Usage:
  Non-class:    108.43 MB used.
      Class:     17.51 MB used.
       Both:    125.93 MB used.

Virtual space:
  Non-class space:      128.00 MB reserved,     110.06 MB ( 86%) committed,  2 nodes.
      Class space:      416.00 MB reserved,      18.94 MB (  5%) committed,  1 nodes.
             Both:      544.00 MB reserved,     129.00 MB ( 24%) committed. 

Chunk freelists:
   Non-Class:  1.84 MB
       Class:  13.08 MB
        Both:  14.92 MB

MaxMetaspaceSize: 512.00 MB
CompressedClassSpaceSize: 416.00 MB
Initial GC threshold: 21.00 MB
Current GC threshold: 209.94 MB
CDS: on
 - commit_granule_bytes: 65536.
 - commit_granule_words: 8192.
 - virtual_space_node_default_size: 8388608.
 - enlarge_chunks_in_place: 1.
 - use_allocation_guard: 0.


Internal statistics:

num_allocs_failed_limit: 6.
num_arena_births: 4776.
num_arena_deaths: 0.
num_vsnodes_births: 3.
num_vsnodes_deaths: 0.
num_space_committed: 2063.
num_space_uncommitted: 0.
num_chunks_returned_to_freelist: 6.
num_chunks_taken_from_freelist: 10990.
num_chunk_merges: 6.
num_chunk_splits: 7135.
num_chunks_enlarged: 4509.
num_inconsistent_stats: 0.

CodeHeap 'non-profiled nmethods': size=120000Kb used=12489Kb max_used=13226Kb free=107510Kb
 bounds [0x0000019823f30000, 0x0000019824c20000, 0x000001982b460000]
CodeHeap 'profiled nmethods': size=120000Kb used=30089Kb max_used=33087Kb free=89910Kb
 bounds [0x000001981c460000, 0x000001981e4b0000, 0x0000019823990000]
CodeHeap 'non-nmethods': size=5760Kb used=2805Kb max_used=2907Kb free=2954Kb
 bounds [0x0000019823990000, 0x0000019823c70000, 0x0000019823f30000]
CodeCache: size=245760Kb, used=45383Kb, max_used=49220Kb, free=200374Kb
 total_blobs=17030, nmethods=15974, adapters=959, full_count=0
Compilation: enabled, stopped_count=0, restarted_count=0

Compilation events (20 events):
Event: 115.404 Thread 0x00000198309b6860 nmethod 21058 0x000001981e4a6790 code [0x000001981e4a69a0, 0x000001981e4a7198]
Event: 115.500 Thread 0x00000198309b6860 21059       3       org.gradle.internal.snapshot.PathUtil::equalChars (60 bytes)
Event: 115.501 Thread 0x00000198309b6860 nmethod 21059 0x000001981e4a7490 code [0x000001981e4a7740, 0x000001981e4a82a8]
Event: 115.501 Thread 0x00000198309b6860 21060       3       org.gradle.internal.snapshot.VfsRelativePath::hasPrefix (15 bytes)
Event: 115.501 Thread 0x00000198309b6860 nmethod 21060 0x000001981e4a8610 code [0x000001981e4a87c0, 0x000001981e4a8910]
Event: 115.560 Thread 0x00000198309b6860 21061       3       org.gradle.internal.snapshot.ChildMap$Entry::handleAncestorDescendantOrExactMatch (110 bytes)
Event: 115.561 Thread 0x00000198309b6860 nmethod 21061 0x000001981e4a8a10 code [0x000001981e4a8d80, 0x000001981e4aa210]
Event: 115.662 Thread 0x000001985c6c31f0 nmethod 20926 0x0000019824be8310 code [0x0000019824be8dc0, 0x0000019824bf25a8]
Event: 115.664 Thread 0x00000198542b3760 nmethod 20927 0x0000019824bfa490 code [0x0000019824bfaf20, 0x0000019824c04718]
Event: 115.664 Thread 0x000001985c6c31f0 21041       4       org.gradle.execution.plan.DefaultFinalizedExecutionPlan::tryAcquireLocksForNode (48 bytes)
Event: 115.666 Thread 0x00000198542b3760 21053       4       org.gradle.internal.snapshot.RegularFileSnapshot::<init> (25 bytes)
Event: 115.676 Thread 0x00000198542b3760 nmethod 21053 0x0000019824c0c690 code [0x0000019824c0c840, 0x0000019824c0cdf0]
Event: 115.727 Thread 0x000001985c6c31f0 nmethod 21041 0x0000019824c0cf10 code [0x0000019824c0d280, 0x0000019824c0eac0]
Event: 116.027 Thread 0x00000198309b5c90 nmethod 21049 0x0000019824c0fa10 code [0x0000019824c10020, 0x0000019824c17010]
Event: 116.089 Thread 0x00000198309b6860 21062       3       com.google.common.collect.ImmutableList::asImmutableList (7 bytes)
Event: 116.089 Thread 0x00000198309b6860 nmethod 21062 0x000001981e4aa990 code [0x000001981e4aab40, 0x000001981e4aac60]
Event: 116.202 Thread 0x00000198309b5c90 21063       4       java.util.Collections$UnmodifiableSet::<init> (6 bytes)
Event: 116.204 Thread 0x00000198309b5c90 nmethod 21063 0x0000019824c1a690 code [0x0000019824c1a820, 0x0000019824c1a990]
Event: 116.228 Thread 0x00000198309b6860 21064 %     3       java.util.zip.ZipFile$Source::initCEN @ 261 (612 bytes)
Event: 116.233 Thread 0x00000198309b6860 nmethod 21064% 0x000001981e4aad10 code [0x000001981e4ab2a0, 0x000001981e4ae7e0]

GC Heap History (20 events):
Event: 95.228 GC heap before
{Heap before GC invocations=58 (full 0):
 garbage-first heap   total 311296K, used 230376K [0x0000000080000000, 0x0000000100000000)
  region size 1024K, 51 young (52224K), 7 survivors (7168K)
 Metaspace       used 114121K, committed 117056K, reserved 557056K
  class space    used 16099K, committed 17472K, reserved 425984K
}
Event: 95.239 GC heap after
{Heap after GC invocations=59 (full 0):
 garbage-first heap   total 311296K, used 188804K [0x0000000080000000, 0x0000000100000000)
  region size 1024K, 5 young (5120K), 5 survivors (5120K)
 Metaspace       used 114121K, committed 117056K, reserved 557056K
  class space    used 16099K, committed 17472K, reserved 425984K
}
Event: 97.914 GC heap before
{Heap before GC invocations=59 (full 0):
 garbage-first heap   total 311296K, used 274820K [0x0000000080000000, 0x0000000100000000)
  region size 1024K, 85 young (87040K), 5 survivors (5120K)
 Metaspace       used 114423K, committed 117376K, reserved 557056K
  class space    used 16145K, committed 17536K, reserved 425984K
}
Event: 97.932 GC heap after
{Heap after GC invocations=60 (full 0):
 garbage-first heap   total 311296K, used 199813K [0x0000000080000000, 0x0000000100000000)
  region size 1024K, 11 young (11264K), 11 survivors (11264K)
 Metaspace       used 114423K, committed 117376K, reserved 557056K
  class space    used 16145K, committed 17536K, reserved 425984K
}
Event: 101.360 GC heap before
{Heap before GC invocations=60 (full 0):
 garbage-first heap   total 311296K, used 275589K [0x0000000080000000, 0x0000000100000000)
  region size 1024K, 85 young (87040K), 11 survivors (11264K)
 Metaspace       used 115203K, committed 118272K, reserved 557056K
  class space    used 16260K, committed 17664K, reserved 425984K
}
Event: 101.386 GC heap after
{Heap after GC invocations=61 (full 0):
 garbage-first heap   total 311296K, used 212915K [0x0000000080000000, 0x0000000100000000)
  region size 1024K, 11 young (11264K), 11 survivors (11264K)
 Metaspace       used 115203K, committed 118272K, reserved 557056K
  class space    used 16260K, committed 17664K, reserved 425984K
}
Event: 102.079 GC heap before
{Heap before GC invocations=61 (full 0):
 garbage-first heap   total 311296K, used 277427K [0x0000000080000000, 0x0000000100000000)
  region size 1024K, 75 young (76800K), 11 survivors (11264K)
 Metaspace       used 115203K, committed 118272K, reserved 557056K
  class space    used 16260K, committed 17664K, reserved 425984K
}
Event: 102.093 GC heap after
{Heap after GC invocations=62 (full 0):
 garbage-first heap   total 311296K, used 216032K [0x0000000080000000, 0x0000000100000000)
  region size 1024K, 5 young (5120K), 5 survivors (5120K)
 Metaspace       used 115203K, committed 118272K, reserved 557056K
  class space    used 16260K, committed 17664K, reserved 425984K
}
Event: 104.502 GC heap before
{Heap before GC invocations=63 (full 0):
 garbage-first heap   total 362496K, used 283616K [0x0000000080000000, 0x0000000100000000)
  region size 1024K, 70 young (71680K), 5 survivors (5120K)
 Metaspace       used 116554K, committed 119616K, reserved 557056K
  class space    used 16445K, committed 17856K, reserved 425984K
}
Event: 104.518 GC heap after
{Heap after GC invocations=64 (full 0):
 garbage-first heap   total 362496K, used 228993K [0x0000000080000000, 0x0000000100000000)
  region size 1024K, 9 young (9216K), 9 survivors (9216K)
 Metaspace       used 116554K, committed 119616K, reserved 557056K
  class space    used 16445K, committed 17856K, reserved 425984K
}
Event: 106.718 GC heap before
{Heap before GC invocations=64 (full 0):
 garbage-first heap   total 362496K, used 325249K [0x0000000080000000, 0x0000000100000000)
  region size 1024K, 103 young (105472K), 9 survivors (9216K)
 Metaspace       used 119384K, committed 122496K, reserved 557056K
  class space    used 16780K, committed 18240K, reserved 425984K
}
Event: 106.761 GC heap after
{Heap after GC invocations=65 (full 0):
 garbage-first heap   total 362496K, used 241664K [0x0000000080000000, 0x0000000100000000)
  region size 1024K, 13 young (13312K), 13 survivors (13312K)
 Metaspace       used 119384K, committed 122496K, reserved 557056K
  class space    used 16780K, committed 18240K, reserved 425984K
}
Event: 108.749 GC heap before
{Heap before GC invocations=65 (full 0):
 garbage-first heap   total 362496K, used 325632K [0x0000000080000000, 0x0000000100000000)
  region size 1024K, 95 young (97280K), 13 survivors (13312K)
 Metaspace       used 125754K, committed 128832K, reserved 557056K
  class space    used 17638K, committed 19072K, reserved 425984K
}
Event: 108.767 GC heap after
{Heap after GC invocations=66 (full 0):
 garbage-first heap   total 362496K, used 247664K [0x0000000080000000, 0x0000000100000000)
  region size 1024K, 5 young (5120K), 5 survivors (5120K)
 Metaspace       used 125754K, committed 128832K, reserved 557056K
  class space    used 17638K, committed 19072K, reserved 425984K
}
Event: 110.570 GC heap before
{Heap before GC invocations=67 (full 0):
 garbage-first heap   total 413696K, used 331632K [0x0000000080000000, 0x0000000100000000)
  region size 1024K, 87 young (89088K), 5 survivors (5120K)
 Metaspace       used 126194K, committed 129280K, reserved 557056K
  class space    used 17655K, committed 19072K, reserved 425984K
}
Event: 110.600 GC heap after
{Heap after GC invocations=68 (full 0):
 garbage-first heap   total 413696K, used 255618K [0x0000000080000000, 0x0000000100000000)
  region size 1024K, 11 young (11264K), 11 survivors (11264K)
 Metaspace       used 126194K, committed 129280K, reserved 557056K
  class space    used 17655K, committed 19072K, reserved 425984K
}
Event: 113.579 GC heap before
{Heap before GC invocations=68 (full 0):
 garbage-first heap   total 413696K, used 370306K [0x0000000080000000, 0x0000000100000000)
  region size 1024K, 123 young (125952K), 11 survivors (11264K)
 Metaspace       used 126936K, committed 129984K, reserved 557056K
  class space    used 17749K, committed 19136K, reserved 425984K
}
Event: 113.608 GC heap after
{Heap after GC invocations=69 (full 0):
 garbage-first heap   total 413696K, used 265393K [0x0000000080000000, 0x0000000100000000)
  region size 1024K, 16 young (16384K), 16 survivors (16384K)
 Metaspace       used 126936K, committed 129984K, reserved 557056K
  class space    used 17749K, committed 19136K, reserved 425984K
}
Event: 115.741 GC heap before
{Heap before GC invocations=69 (full 0):
 garbage-first heap   total 413696K, used 346289K [0x0000000080000000, 0x0000000100000000)
  region size 1024K, 97 young (99328K), 16 survivors (16384K)
 Metaspace       used 127638K, committed 130752K, reserved 557056K
  class space    used 17841K, committed 19264K, reserved 425984K
}
Event: 115.776 GC heap after
{Heap after GC invocations=70 (full 0):
 garbage-first heap   total 413696K, used 276425K [0x0000000080000000, 0x0000000100000000)
  region size 1024K, 9 young (9216K), 9 survivors (9216K)
 Metaspace       used 127638K, committed 130752K, reserved 557056K
  class space    used 17841K, committed 19264K, reserved 425984K
}

Dll operation events (15 events):
Event: 0.021 Loaded shared library C:\Program Files\Eclipse Adoptium\jdk-21.0.10.7-hotspot\bin\java.dll
Event: 0.080 Loaded shared library C:\Program Files\Eclipse Adoptium\jdk-21.0.10.7-hotspot\bin\jsvml.dll
Event: 0.151 Loaded shared library C:\Program Files\Eclipse Adoptium\jdk-21.0.10.7-hotspot\bin\zip.dll
Event: 0.162 Loaded shared library C:\Program Files\Eclipse Adoptium\jdk-21.0.10.7-hotspot\bin\instrument.dll
Event: 0.170 Loaded shared library C:\Program Files\Eclipse Adoptium\jdk-21.0.10.7-hotspot\bin\net.dll
Event: 0.174 Loaded shared library C:\Program Files\Eclipse Adoptium\jdk-21.0.10.7-hotspot\bin\nio.dll
Event: 0.179 Loaded shared library C:\Program Files\Eclipse Adoptium\jdk-21.0.10.7-hotspot\bin\zip.dll
Event: 0.806 Loaded shared library C:\Program Files\Eclipse Adoptium\jdk-21.0.10.7-hotspot\bin\jimage.dll
Event: 1.298 Loaded shared library C:\Program Files\Eclipse Adoptium\jdk-21.0.10.7-hotspot\bin\verify.dll
Event: 1.461 Loaded shared library C:\Users\hands\.gradle\native\1def1411415f61bf3af743bc5b6707747c0891f09f0c88961ee8f79bc544acac\windows-amd64\native-platform.dll
Event: 1.492 Loaded shared library C:\Users\hands\.gradle\native\0.2.7\x86_64-windows-gnu\gradle-fileevents.dll
Event: 4.166 Loaded shared library C:\Program Files\Eclipse Adoptium\jdk-21.0.10.7-hotspot\bin\management.dll
Event: 4.169 Loaded shared library C:\Program Files\Eclipse Adoptium\jdk-21.0.10.7-hotspot\bin\management_ext.dll
Event: 4.435 Loaded shared library C:\Program Files\Eclipse Adoptium\jdk-21.0.10.7-hotspot\bin\extnet.dll
Event: 4.788 Loaded shared library C:\Program Files\Eclipse Adoptium\jdk-21.0.10.7-hotspot\bin\sunmscapi.dll

Deoptimization events (20 events):
Event: 115.417 Thread 0x000001985c0be860 Uncommon trap: trap_request=0xffffff45 fr.pc=0x000001982425997c relative=0x00000000000007bc
Event: 115.417 Thread 0x000001985c0be860 Uncommon trap: reason=unstable_if action=reinterpret pc=0x000001982425997c method=org.gradle.internal.snapshot.PathUtil.equalChars(CCLorg/gradle/internal/snapshot/CaseSensitivity;)Z @ 40 c2
Event: 115.417 Thread 0x000001985c0be860 DEOPT PACKING pc=0x000001982425997c sp=0x0000001ca7ffb850
Event: 115.417 Thread 0x000001985c0be860 DEOPT UNPACKING pc=0x00000198239e4422 sp=0x0000001ca7ffb6f8 mode 2
Event: 115.418 Thread 0x000001985c0be860 Uncommon trap: trap_request=0xffffff45 fr.pc=0x000001982442ea78 relative=0x00000000000002f8
Event: 115.418 Thread 0x000001985c0be860 Uncommon trap: reason=unstable_if action=reinterpret pc=0x000001982442ea78 method=org.gradle.internal.snapshot.PathUtil.equalChars(CCLorg/gradle/internal/snapshot/CaseSensitivity;)Z @ 40 c2
Event: 115.418 Thread 0x000001985c0be860 DEOPT PACKING pc=0x000001982442ea78 sp=0x0000001ca7ffb5b0
Event: 115.418 Thread 0x000001985c0be860 DEOPT UNPACKING pc=0x00000198239e4422 sp=0x0000001ca7ffb540 mode 2
Event: 115.423 Thread 0x000001985c0be860 Uncommon trap: trap_request=0xffffff45 fr.pc=0x000001982420cde0 relative=0x0000000000002a80
Event: 115.423 Thread 0x000001985c0be860 Uncommon trap: reason=unstable_if action=reinterpret pc=0x000001982420cde0 method=org.gradle.api.internal.changedetection.state.CachingFileHasher.snapshot(Ljava/io/File;JJ)Lorg/gradle/api/internal/changedetection/state/CachingFileHasher$FileInfo; @ 59 c2
Event: 115.423 Thread 0x000001985c0be860 DEOPT PACKING pc=0x000001982420cde0 sp=0x0000001ca7ffb390
Event: 115.423 Thread 0x000001985c0be860 DEOPT UNPACKING pc=0x00000198239e4422 sp=0x0000001ca7ffb140 mode 2
Event: 115.561 Thread 0x000001985c0be860 Uncommon trap: trap_request=0xffffffc6 fr.pc=0x000001982463f454 relative=0x0000000000000634
Event: 115.561 Thread 0x000001985c0be860 Uncommon trap: reason=bimorphic_or_optimized_type_check action=maybe_recompile pc=0x000001982463f454 method=java.util.stream.Streams$StreamBuilderImpl.forEachRemaining(Ljava/util/function/Consumer;)V @ 19 c2
Event: 115.561 Thread 0x000001985c0be860 DEOPT PACKING pc=0x000001982463f454 sp=0x0000001ca7ff9cc0
Event: 115.561 Thread 0x000001985c0be860 DEOPT UNPACKING pc=0x00000198239e4422 sp=0x0000001ca7ff9c88 mode 2
Event: 115.562 Thread 0x000001985c0be860 Uncommon trap: trap_request=0xffffffde fr.pc=0x0000019824763b34 relative=0x0000000000000c54
Event: 115.562 Thread 0x000001985c0be860 Uncommon trap: reason=class_check action=maybe_recompile pc=0x0000019824763b34 method=org.gradle.internal.snapshot.AbstractIncompleteFileSystemNode.anyChildMatches(Lorg/gradle/internal/snapshot/ChildMap;Ljava/util/function/Predicate;)Z @ 1 c2
Event: 115.562 Thread 0x000001985c0be860 DEOPT PACKING pc=0x0000019824763b34 sp=0x0000001ca7ffa9f0
Event: 115.562 Thread 0x000001985c0be860 DEOPT UNPACKING pc=0x00000198239e4422 sp=0x0000001ca7ffa960 mode 2

Classes loaded (20 events):
Event: 108.298 Loading class java/lang/Package$1PackageInfoProxy
Event: 108.298 Loading class java/lang/Package$1PackageInfoProxy done
Event: 108.429 Loading class java/lang/InstantiationError
Event: 108.429 Loading class java/lang/InstantiationError done
Event: 108.518 Loading class org/xml/sax/helpers/LocatorImpl
Event: 108.519 Loading class org/xml/sax/helpers/LocatorImpl done
Event: 108.522 Loading class javax/xml/transform/sax/SAXSource
Event: 108.522 Loading class javax/xml/transform/sax/SAXSource done
Event: 108.523 Loading class org/xml/sax/helpers/XMLFilterImpl
Event: 108.524 Loading class org/xml/sax/helpers/XMLFilterImpl done
Event: 108.530 Loading class org/xml/sax/helpers/AttributesImpl
Event: 108.531 Loading class org/xml/sax/helpers/AttributesImpl done
Event: 108.533 Loading class java/util/regex/Pattern$Behind
Event: 108.534 Loading class java/util/regex/Pattern$Behind done
Event: 108.534 Loading class java/util/regex/Pattern$Neg
Event: 108.535 Loading class java/util/regex/Pattern$Neg done
Event: 108.546 Loading class javax/xml/datatype/DatatypeConfigurationException
Event: 108.547 Loading class javax/xml/datatype/DatatypeConfigurationException done
Event: 116.201 Loading class java/util/Collections$UnmodifiableSortedSet
Event: 116.202 Loading class java/util/Collections$UnmodifiableSortedSet done

Classes unloaded (0 events):
No events

Classes redefined (0 events):
No events

Internal exceptions (20 events):
Event: 105.502 Thread 0x000001985163adb0 Implicit null exception at 0x0000019824925a50 to 0x0000019824925e5c
Event: 106.115 Thread 0x000001985163adb0 Implicit null exception at 0x000001982495cd40 to 0x000001982495dc28
Event: 106.793 Thread 0x000001985163adb0 Implicit null exception at 0x000001982499bde2 to 0x000001982499c7f8
Event: 106.793 Thread 0x000001985163adb0 Implicit null exception at 0x000001982499d457 to 0x000001982499d6bc
Event: 107.103 Thread 0x000001985163adb0 Exception <a 'sun/nio/fs/WindowsException'{0x0000000094b9e4f0}> (0x0000000094b9e4f0) 
thrown [s\src\hotspot\share\prims\jni.cpp, line 520]
Event: 107.208 Thread 0x000001985163adb0 Implicit null exception at 0x00000198249a8926 to 0x00000198249a9328
Event: 107.208 Thread 0x000001985163adb0 Implicit null exception at 0x00000198249ad36b to 0x00000198249ad5e8
Event: 107.208 Thread 0x000001985163adb0 Implicit null exception at 0x00000198249a9eeb to 0x00000198249aa168
Event: 107.357 Thread 0x000001985163adb0 Implicit null exception at 0x00000198246be788 to 0x00000198246bf738
Event: 107.641 Thread 0x000001985163adb0 Exception <a 'sun/nio/fs/WindowsException'{0x000000009324a088}> (0x000000009324a088) 
thrown [s\src\hotspot\share\prims\jni.cpp, line 520]
Event: 107.642 Thread 0x000001985163adb0 Exception <a 'sun/nio/fs/WindowsException'{0x000000009324b5f0}> (0x000000009324b5f0) 
thrown [s\src\hotspot\share\prims\jni.cpp, line 520]
Event: 107.642 Thread 0x000001985163adb0 Exception <a 'sun/nio/fs/WindowsException'{0x000000009324cc00}> (0x000000009324cc00) 
thrown [s\src\hotspot\share\prims\jni.cpp, line 520]
Event: 107.642 Thread 0x000001985163adb0 Exception <a 'sun/nio/fs/WindowsException'{0x000000009324e210}> (0x000000009324e210) 
thrown [s\src\hotspot\share\prims\jni.cpp, line 520]
Event: 107.977 Thread 0x000001985163adb0 Exception <a 'java/lang/NullPointerException'{0x00000000927cd678}> (0x00000000927cd678) 
thrown [s\src\hotspot\share\interpreter\linkResolver.cpp, line 1456]
Event: 108.770 Thread 0x00000198309acf80 Implicit null exception at 0x00000198247dedc8 to 0x00000198247df4b4
Event: 109.378 Thread 0x000001985163adb0 Exception <a 'sun/nio/fs/WindowsException'{0x00000000987d3ae8}> (0x00000000987d3ae8) 
thrown [s\src\hotspot\share\prims\jni.cpp, line 520]
Event: 109.379 Thread 0x000001985163adb0 Exception <a 'sun/nio/fs/WindowsException'{0x00000000987d5050}> (0x00000000987d5050) 
thrown [s\src\hotspot\share\prims\jni.cpp, line 520]
Event: 109.379 Thread 0x000001985163adb0 Exception <a 'sun/nio/fs/WindowsException'{0x00000000987d6660}> (0x00000000987d6660) 
thrown [s\src\hotspot\share\prims\jni.cpp, line 520]
Event: 109.379 Thread 0x000001985163adb0 Exception <a 'sun/nio/fs/WindowsException'{0x00000000987d7c70}> (0x00000000987d7c70) 
thrown [s\src\hotspot\share\prims\jni.cpp, line 520]
Event: 114.112 Thread 0x000001985163adb0 Exception <a 'java/lang/IncompatibleClassChangeError'{0x0000000095c13530}: Found class java.lang.Object, but interface was expected> (0x0000000095c13530) 
thrown [s\src\hotspot\share\interpreter\linkResolver.cpp, line 840]

ZGC Phase Switch (0 events):
No events

VM Operations (20 events):
Event: 110.600 Executing safepoint VM operation: G1CollectForAllocation (G1 Evacuation Pause) done
Event: 111.602 Executing safepoint VM operation: Cleanup
Event: 111.602 Executing safepoint VM operation: Cleanup done
Event: 112.872 Executing safepoint VM operation: ICBufferFull
Event: 112.872 Executing safepoint VM operation: ICBufferFull done
Event: 113.579 Executing safepoint VM operation: G1CollectForAllocation (G1 Evacuation Pause)
Event: 113.608 Executing safepoint VM operation: G1CollectForAllocation (G1 Evacuation Pause) done
Event: 114.137 Executing non-safepoint VM operation: HandshakeAllThreads (Deoptimize)
Event: 114.137 Executing non-safepoint VM operation: HandshakeAllThreads (Deoptimize) done
Event: 114.366 Executing safepoint VM operation: ICBufferFull
Event: 114.366 Executing safepoint VM operation: ICBufferFull done
Event: 114.446 Executing non-safepoint VM operation: HandshakeAllThreads (Deoptimize)
Event: 114.447 Executing non-safepoint VM operation: HandshakeAllThreads (Deoptimize) done
Event: 114.449 Executing non-safepoint VM operation: HandshakeAllThreads (Deoptimize)
Event: 114.449 Executing non-safepoint VM operation: HandshakeAllThreads (Deoptimize) done
Event: 115.397 Executing safepoint VM operation: ICBufferFull
Event: 115.397 Executing safepoint VM operation: ICBufferFull done
Event: 115.741 Executing safepoint VM operation: G1TryInitiateConcMark (G1 Humongous Allocation)
Event: 115.776 Executing safepoint VM operation: G1TryInitiateConcMark (G1 Humongous Allocation) done
Event: 116.242 Executing safepoint VM operation: G1PauseRemark

Memory protections (0 events):
No events

Nmethod flushes (20 events):
Event: 116.287 Thread 0x0000019830992ab0 flushing  nmethod 0x000001981d579f90
Event: 116.287 Thread 0x0000019830992ab0 flushing  nmethod 0x000001981d57c310
Event: 116.287 Thread 0x0000019830992ab0 flushing  nmethod 0x000001981d5c0210
Event: 116.287 Thread 0x0000019830992ab0 flushing  nmethod 0x000001981d5c3a90
Event: 116.287 Thread 0x0000019830992ab0 flushing  nmethod 0x000001981d5c9b10
Event: 116.287 Thread 0x0000019830992ab0 flushing  nmethod 0x000001981d5ca710
Event: 116.287 Thread 0x0000019830992ab0 flushing  nmethod 0x000001981d5cc410
Event: 116.287 Thread 0x0000019830992ab0 flushing  nmethod 0x000001981d5da810
Event: 116.287 Thread 0x0000019830992ab0 flushing  nmethod 0x000001981d5dbb90
Event: 116.287 Thread 0x0000019830992ab0 flushing  nmethod 0x000001981d5dce10
Event: 116.287 Thread 0x0000019830992ab0 flushing  nmethod 0x000001981d60c210
Event: 116.287 Thread 0x0000019830992ab0 flushing  nmethod 0x000001981d611d90
Event: 116.287 Thread 0x0000019830992ab0 flushing  nmethod 0x000001981d612210
Event: 116.287 Thread 0x0000019830992ab0 flushing  nmethod 0x000001981d612710
Event: 116.287 Thread 0x0000019830992ab0 flushing  nmethod 0x000001981d856310
Event: 116.287 Thread 0x0000019830992ab0 flushing  nmethod 0x000001981d862110
Event: 116.287 Thread 0x0000019830992ab0 flushing  nmethod 0x000001981d899890
Event: 116.287 Thread 0x0000019830992ab0 flushing  nmethod 0x000001981d8af790
Event: 116.287 Thread 0x0000019830992ab0 flushing  nmethod 0x000001981dd80c10
Event: 116.287 Thread 0x0000019830992ab0 flushing  nmethod 0x000001981dfc5490

Events (20 events):
Event: 94.265 Thread 0x00000198309b6860 Thread added: 0x00000198542b3760
Event: 94.813 Thread 0x00000198542b3760 Thread exited: 0x00000198542b3760
Event: 97.943 Thread 0x00000198309b6860 Thread added: 0x00000198542b3760
Event: 98.262 Thread 0x000001985163adb0 Thread added: 0x000001985a775ac0
Event: 98.420 Thread 0x000001985a775ac0 Thread added: 0x000001985afad2d0
Event: 98.421 Thread 0x000001985a775ac0 Thread added: 0x000001985afad960
Event: 98.911 Thread 0x00000198542b3760 Thread exited: 0x00000198542b3760
Event: 99.137 Thread 0x00000198309b5c90 Thread added: 0x00000198542ae5a0
Event: 99.410 Thread 0x00000198542ae5a0 Thread exited: 0x00000198542ae5a0
Event: 101.633 Thread 0x00000198309b5c90 Thread added: 0x00000198542b3760
Event: 106.561 Thread 0x0000019851c9b690 Thread added: 0x000001985ca70120
Event: 107.048 Thread 0x00000198542b3760 Thread exited: 0x00000198542b3760
Event: 107.460 Thread 0x00000198309b6860 Thread added: 0x00000198542b3760
Event: 108.475 Thread 0x00000198542b3760 Thread exited: 0x00000198542b3760
Event: 108.549 Thread 0x00000198309b6860 Thread added: 0x00000198542b3760
Event: 112.555 Thread 0x00000198309b6860 Thread added: 0x000001985c6c31f0
Event: 114.312 Thread 0x000001985163adb0 Thread added: 0x000001985c0be860
Event: 114.361 Thread 0x00000198528f57c0 Thread added: 0x000001985afadff0
Event: 116.089 Thread 0x000001985c6c31f0 Thread exited: 0x000001985c6c31f0
Event: 116.089 Thread 0x00000198542b3760 Thread exited: 0x00000198542b3760


Dynamic libraries:
0x00007ff6e43e0000 - 0x00007ff6e43ee000 	C:\Program Files\Eclipse Adoptium\jdk-21.0.10.7-hotspot\bin\java.exe
0x00007ffc1f4f0000 - 0x00007ffc1f708000 	C:\WINDOWS\SYSTEM32\ntdll.dll
0x00007ffc1d9d0000 - 0x00007ffc1da94000 	C:\WINDOWS\System32\KERNEL32.DLL
0x00007ffc1c880000 - 0x00007ffc1cc53000 	C:\WINDOWS\System32\KERNELBASE.dll
0x00007ffc1cfc0000 - 0x00007ffc1d0d1000 	C:\WINDOWS\System32\ucrtbase.dll
0x00007ffba9ff0000 - 0x00007ffbaa00e000 	C:\Program Files\Eclipse Adoptium\jdk-21.0.10.7-hotspot\bin\VCRUNTIME140.dll
0x00007ffba9ba0000 - 0x00007ffba9bb8000 	C:\Program Files\Eclipse Adoptium\jdk-21.0.10.7-hotspot\bin\jli.dll
0x00007ffc1f020000 - 0x00007ffc1f1d2000 	C:\WINDOWS\System32\USER32.dll
0x00007ffc1d160000 - 0x00007ffc1d186000 	C:\WINDOWS\System32\win32u.dll
0x00007ffc03c60000 - 0x00007ffc03efc000 	C:\WINDOWS\WinSxS\amd64_microsoft.windows.common-controls_6595b64144ccf1df_6.0.22621.6060_none_2712eda17382d24b\COMCTL32.dll
0x00007ffc1e2f0000 - 0x00007ffc1e319000 	C:\WINDOWS\System32\GDI32.dll
0x00007ffc1d1a0000 - 0x00007ffc1d247000 	C:\WINDOWS\System32\msvcrt.dll
0x00007ffc1cd00000 - 0x00007ffc1ce1b000 	C:\WINDOWS\System32\gdi32full.dll
0x00007ffc1cc60000 - 0x00007ffc1ccfa000 	C:\WINDOWS\System32\msvcp_win.dll
0x00007ffc1db60000 - 0x00007ffc1db91000 	C:\WINDOWS\System32\IMM32.DLL
0x00007ffbe1140000 - 0x00007ffbe114c000 	C:\Program Files\Eclipse Adoptium\jdk-21.0.10.7-hotspot\bin\vcruntime140_1.dll
0x00007ffb65680000 - 0x00007ffb6570d000 	C:\Program Files\Eclipse Adoptium\jdk-21.0.10.7-hotspot\bin\msvcp140.dll
0x00007ffb4c150000 - 0x00007ffb4cef1000 	C:\Program Files\Eclipse Adoptium\jdk-21.0.10.7-hotspot\bin\server\jvm.dll
0x00007ffc1daa0000 - 0x00007ffc1db51000 	C:\WINDOWS\System32\ADVAPI32.dll
0x00007ffc1f390000 - 0x00007ffc1f438000 	C:\WINDOWS\System32\sechost.dll
0x00007ffc1cf90000 - 0x00007ffc1cfb8000 	C:\WINDOWS\System32\bcrypt.dll
0x00007ffc1f1e0000 - 0x00007ffc1f2f8000 	C:\WINDOWS\System32\RPCRT4.dll
0x00007ffc1f300000 - 0x00007ffc1f371000 	C:\WINDOWS\System32\WS2_32.dll
0x00007ffc1c4d0000 - 0x00007ffc1c51d000 	C:\WINDOWS\SYSTEM32\POWRPROF.dll
0x00007ffc17670000 - 0x00007ffc176a4000 	C:\WINDOWS\SYSTEM32\WINMM.dll
0x00007ffc128b0000 - 0x00007ffc128ba000 	C:\WINDOWS\SYSTEM32\VERSION.dll
0x00007ffc1c4b0000 - 0x00007ffc1c4c3000 	C:\WINDOWS\SYSTEM32\UMPDC.dll
0x00007ffc1b540000 - 0x00007ffc1b558000 	C:\WINDOWS\SYSTEM32\kernel.appcore.dll
0x00007ffbdfb20000 - 0x00007ffbdfb2a000 	C:\Program Files\Eclipse Adoptium\jdk-21.0.10.7-hotspot\bin\jimage.dll
0x00007ffc1a0e0000 - 0x00007ffc1a313000 	C:\WINDOWS\SYSTEM32\DBGHELP.DLL
0x00007ffc1dba0000 - 0x00007ffc1df31000 	C:\WINDOWS\System32\combase.dll
0x00007ffc1e160000 - 0x00007ffc1e238000 	C:\WINDOWS\System32\OLEAUT32.dll
0x00007ffc03f00000 - 0x00007ffc03f32000 	C:\WINDOWS\SYSTEM32\dbgcore.DLL
0x00007ffc1d0e0000 - 0x00007ffc1d15b000 	C:\WINDOWS\System32\bcryptPrimitives.dll
0x00007ffbd57f0000 - 0x00007ffbd57ff000 	C:\Program Files\Eclipse Adoptium\jdk-21.0.10.7-hotspot\bin\instrument.dll
0x00007ffba8370000 - 0x00007ffba8390000 	C:\Program Files\Eclipse Adoptium\jdk-21.0.10.7-hotspot\bin\java.dll
0x00007ffc1e430000 - 0x00007ffc1eccc000 	C:\WINDOWS\System32\SHELL32.dll
0x00007ffc1c600000 - 0x00007ffc1c73f000 	C:\WINDOWS\System32\wintypes.dll
0x00007ffc1a4b0000 - 0x00007ffc1adca000 	C:\WINDOWS\SYSTEM32\windows.storage.dll
0x00007ffc1e320000 - 0x00007ffc1e424000 	C:\WINDOWS\System32\SHCORE.dll
0x00007ffc1f440000 - 0x00007ffc1f4a9000 	C:\WINDOWS\System32\shlwapi.dll
0x00007ffc1c530000 - 0x00007ffc1c555000 	C:\WINDOWS\SYSTEM32\profapi.dll
0x00007ffb655a0000 - 0x00007ffb65677000 	C:\Program Files\Eclipse Adoptium\jdk-21.0.10.7-hotspot\bin\jsvml.dll
0x00007ffba6a20000 - 0x00007ffba6a38000 	C:\Program Files\Eclipse Adoptium\jdk-21.0.10.7-hotspot\bin\zip.dll
0x00007ffbdfaa0000 - 0x00007ffbdfab0000 	C:\Program Files\Eclipse Adoptium\jdk-21.0.10.7-hotspot\bin\net.dll
0x00007ffc17020000 - 0x00007ffc1714c000 	C:\WINDOWS\SYSTEM32\WINHTTP.dll
0x00007ffc1ba70000 - 0x00007ffc1bad9000 	C:\WINDOWS\system32\mswsock.dll
0x00007ffba7950000 - 0x00007ffba7966000 	C:\Program Files\Eclipse Adoptium\jdk-21.0.10.7-hotspot\bin\nio.dll
0x00007ffbdf4f0000 - 0x00007ffbdf500000 	C:\Program Files\Eclipse Adoptium\jdk-21.0.10.7-hotspot\bin\verify.dll
0x00007ffbfe810000 - 0x00007ffbfe837000 	C:\Users\hands\.gradle\native\1def1411415f61bf3af743bc5b6707747c0891f09f0c88961ee8f79bc544acac\windows-amd64\native-platform.dll
0x00007ffbb32e0000 - 0x00007ffbb3358000 	C:\Users\hands\.gradle\native\0.2.7\x86_64-windows-gnu\gradle-fileevents.dll
0x00007ffbdef00000 - 0x00007ffbdef0a000 	C:\Program Files\Eclipse Adoptium\jdk-21.0.10.7-hotspot\bin\management.dll
0x00007ffbdece0000 - 0x00007ffbdecec000 	C:\Program Files\Eclipse Adoptium\jdk-21.0.10.7-hotspot\bin\management_ext.dll
0x00007ffc1d190000 - 0x00007ffc1d198000 	C:\WINDOWS\System32\PSAPI.DLL
0x00007ffc1b070000 - 0x00007ffc1b09d000 	C:\WINDOWS\SYSTEM32\IPHLPAPI.DLL
0x00007ffc1d9b0000 - 0x00007ffc1d9b9000 	C:\WINDOWS\System32\NSI.dll
0x00007ffbdc040000 - 0x00007ffbdc049000 	C:\Program Files\Eclipse Adoptium\jdk-21.0.10.7-hotspot\bin\extnet.dll
0x00007ffc1bcf0000 - 0x00007ffc1bd0b000 	C:\WINDOWS\SYSTEM32\CRYPTSP.dll
0x00007ffc1b500000 - 0x00007ffc1b537000 	C:\WINDOWS\system32\rsaenh.dll
0x00007ffc1bb90000 - 0x00007ffc1bbb8000 	C:\WINDOWS\SYSTEM32\USERENV.dll
0x00007ffc1bd10000 - 0x00007ffc1bd1c000 	C:\WINDOWS\SYSTEM32\CRYPTBASE.dll
0x00007ffbd5690000 - 0x00007ffbd569e000 	C:\Program Files\Eclipse Adoptium\jdk-21.0.10.7-hotspot\bin\sunmscapi.dll
0x00007ffc1ce20000 - 0x00007ffc1cf88000 	C:\WINDOWS\System32\CRYPT32.dll
0x00007ffc1bed0000 - 0x00007ffc1befe000 	C:\WINDOWS\SYSTEM32\ncrypt.dll
0x00007ffc1be90000 - 0x00007ffc1bec7000 	C:\WINDOWS\SYSTEM32\NTASN1.dll
0x00007ffbdec90000 - 0x00007ffbdec98000 	C:\WINDOWS\system32\wshunix.dll
0x00007ffc169b0000 - 0x00007ffc16a47000 	C:\WINDOWS\system32\apphelp.dll

JVMTI agents:
C:\Users\hands\.gradle\wrapper\dists\gradle-8.13-bin\5xuhj0ry160q40clulazy9h7d\gradle-8.13\lib\agents\gradle-instrumentation-agent-8.13.jar path:C:\Program Files\Eclipse Adoptium\jdk-21.0.10.7-hotspot\bin\instrument.dll, loaded, initialized, instrumentlib options:none

dbghelp: loaded successfully - version: 4.0.5 - missing functions: none
symbol engine: initialized successfully - sym options: 0x614 - pdb path: .;C:\Program Files\Eclipse Adoptium\jdk-21.0.10.7-hotspot\bin;C:\WINDOWS\SYSTEM32;C:\WINDOWS\WinSxS\amd64_microsoft.windows.common-controls_6595b64144ccf1df_6.0.22621.6060_none_2712eda17382d24b;C:\Program Files\Eclipse Adoptium\jdk-21.0.10.7-hotspot\bin\server;C:\Users\hands\.gradle\native\1def1411415f61bf3af743bc5b6707747c0891f09f0c88961ee8f79bc544acac\windows-amd64;C:\Users\hands\.gradle\native\0.2.7\x86_64-windows-gnu

VM Arguments:
jvm_args: --add-opens=java.base/java.lang=ALL-UNNAMED --add-opens=java.base/java.lang.invoke=ALL-UNNAMED --add-opens=java.base/java.util=ALL-UNNAMED --add-opens=java.prefs/java.util.prefs=ALL-UNNAMED --add-exports=jdk.compiler/com.sun.tools.javac.api=ALL-UNNAMED --add-exports=jdk.compiler/com.sun.tools.javac.util=ALL-UNNAMED --add-opens=java.base/java.util=ALL-UNNAMED --add-opens=java.prefs/java.util.prefs=ALL-UNNAMED --add-opens=java.base/java.nio.charset=ALL-UNNAMED --add-opens=java.base/java.net=ALL-UNNAMED --add-opens=java.base/java.util.concurrent.atomic=ALL-UNNAMED --add-opens=java.xml/javax.xml.namespace=ALL-UNNAMED -XX:MaxMetaspaceSize=512m -Xmx2048m -Dfile.encoding=UTF-8 -Duser.country=IN -Duser.language=en -Duser.variant -javaagent:C:\Users\hands\.gradle\wrapper\dists\gradle-8.13-bin\5xuhj0ry160q40clulazy9h7d\gradle-8.13\lib\agents\gradle-instrumentation-agent-8.13.jar 
java_command: org.gradle.launcher.daemon.bootstrap.GradleDaemon 8.13
java_class_path (initial): C:\Users\hands\.gradle\wrapper\dists\gradle-8.13-bin\5xuhj0ry160q40clulazy9h7d\gradle-8.13\lib\gradle-daemon-main-8.13.jar
Launcher Type: SUN_STANDARD

[Global flags]
     intx CICompilerCount                          = 4                                         {product} {ergonomic}
   size_t CompressedClassSpaceSize                 = 436207616                                 {product} {ergonomic}
     uint ConcGCThreads                            = 2                                         {product} {ergonomic}
     uint G1ConcRefinementThreads                  = 8                                         {product} {ergonomic}
   size_t G1HeapRegionSize                         = 1048576                                   {product} {ergonomic}
    uintx GCDrainStackTargetSize                   = 64                                        {product} {ergonomic}
   size_t InitialHeapSize                          = 100663296                                 {product} {ergonomic}
   size_t MarkStackSize                            = 4194304                                   {product} {ergonomic}
   size_t MaxHeapSize                              = 2147483648                                {product} {command line}
   size_t MaxMetaspaceSize                         = 536870912                                 {product} {command line}
   size_t MaxNewSize                               = 1287651328                                {product} {ergonomic}
   size_t MinHeapDeltaBytes                        = 1048576                                   {product} {ergonomic}
   size_t MinHeapSize                              = 8388608                                   {product} {ergonomic}
    uintx NonNMethodCodeHeapSize                   = 5839372                                {pd product} {ergonomic}
    uintx NonProfiledCodeHeapSize                  = 122909434                              {pd product} {ergonomic}
    uintx ProfiledCodeHeapSize                     = 122909434                              {pd product} {ergonomic}
    uintx ReservedCodeCacheSize                    = 251658240                              {pd product} {ergonomic}
     bool SegmentedCodeCache                       = true                                      {product} {ergonomic}
   size_t SoftMaxHeapSize                          = 2147483648                             {manageable} {ergonomic}
     bool UseCompressedOops                        = true                           {product lp64_product} {ergonomic}
     bool UseG1GC                                  = true                                      {product} {ergonomic}
     bool UseLargePagesIndividualAllocation        = false                                  {pd product} {ergonomic}

Logging:
Log output configuration:
 #0: stdout all=warning uptime,level,tags foldmultilines=false
 #1: stderr all=off uptime,level,tags foldmultilines=false

Release file:
IMPLEMENTOR="Eclipse Adoptium" 
IMPLEMENTOR_VERSION="Temurin-21.0.10+7" 
JAVA_RUNTIME_VERSION="21.0.10+7-LTS" 
JAVA_VERSION="21.0.10" 
JAVA_VERSION_DATE="2026-01-20" 
LIBC="default" 
MODULES="java.base java.compiler java.datatransfer java.xml java.prefs java.desktop java.instrument java.logging java.management java.security.sasl java.naming java.rmi java.management.rmi java.net.http java.scripting java.security.jgss java.transaction.xa java.sql java.sql.rowset java.xml.crypto java.se java.smartcardio jdk.accessibility jdk.internal.jvmstat jdk.attach jdk.charsets jdk.internal.opt jdk.zipfs jdk.compiler jdk.crypto.ec jdk.crypto.cryptoki jdk.crypto.mscapi jdk.dynalink jdk.internal.ed jdk.editpad jdk.hotspot.agent jdk.httpserver jdk.incubator.vector jdk.internal.le jdk.internal.vm.ci jdk.internal.vm.compiler jdk.internal.vm.compiler.management jdk.jartool jdk.javadoc jdk.jcmd jdk.management jdk.management.agent jdk.jconsole jdk.jdeps jdk.jdwp.agent jdk.jdi jdk.jfr jdk.jlink jdk.jpackage jdk.jshell jdk.jsobject jdk.jstatd jdk.localedata jdk.management.jfr jdk.naming.dns jdk.naming.rmi jdk.net jdk.nio.mapmode jdk.random jdk.sctp jdk.security.auth jdk.security.jgss jdk.unsupported jdk.unsupported.desktop jdk.xml.dom" 
OS_ARCH="x86_64" 
OS_NAME="Windows" 
SOURCE=".:git:a633eafe0fcc" 
BUILD_SOURCE="git:458965074606f027bd5afce2cfd5c1055dea0438"
BUILD_SOURCE_REPO="https://github.com/adoptium/temurin-build.git"
SOURCE_REPO="https://github.com/adoptium/jdk21u.git"
FULL_VERSION="21.0.10+7-LTS"
SEMANTIC_VERSION="21.0.10+7"
BUILD_INFO="OS: Windows Server 2022 Version: 10.0"
JVM_VARIANT="Hotspot"
JVM_VERSION="21.0.10+7-LTS"
IMAGE_TYPE="JDK"

Environment Variables:
JAVA_HOME=C:\Program Files\Eclipse Adoptium\jdk-21.0.10.7-hotspot
PATH=C:\Program Files\Eclipse Adoptium\jdk-21.0.10.7-hotspot\bin;C:\Program Files\Common Files\Oracle\Java\javapath;C:\Program Files (x86)\Common Files\Oracle\Java\javapath;C:\Program Files (x86)\VMware\VMware Workstation\bin\;C:\WINDOWS\system32;C:\WINDOWS;C:\WINDOWS\System32\Wbem;C:\WINDOWS\System32\WindowsPowerShell\v1.0\;C:\WINDOWS\System32\OpenSSH\;C:\ProgramData\chocolatey\bin;C:\Program Files\Java\jdk-17;C:\Users\hands\AppData\Roaming\npm;C:\Program Files\PuTTY\;C:\Program Files\dotnet\;C:\Users\hands\AppData\Local\Microsoft\WindowsApps;C:\Users\hands\AppData\Local\Programs\Microsoft VS Code\bin;C:\ProgramData\hands\GitHubDesktop\bin;C:\Users\hands\AppData\Local\Muse Hub\lib;D:\cursor\resources\app\bin;C:\Program Files\platform-tool;C:\WINDOWS\system32\config\systemprofile\AppData\Local\Muse Hub\lib;C:\Program Files\Cloudflare\Cloudflare WARP\;C:\Program Files\CMake\bin;D:\sdk\platforms;D:\sdk\build-tools;D:\sdk\emulator;D:\sdk\platform-tools;D:\sdk;C:\Program Files\playit_gg\bin\;C:\Program Files\nodejs\;C:\Program Files\MongoDB\Server\8.2;C:\Program Files\MongoDB\Server\8.2\bin;C:\Program Files\Git\cmd;C:\Users\hands\AppData\Local\Programs\Python\Python312\Scripts\;C:\Users\hands\AppData\Local\Programs\Python\Python312\;C:\Program Files\Common Files\Oracle\Java\javapath;C:\Ruby33-x64\bin;C:\Program Files (x86)\Common Files\Oracle\Java\javapath;C:\Program Files (x86)\VMware\VMware Workstation\bin\;C:\WINDOWS\system32;C:\WINDOWS;C:\WINDOWS\System32\Wbem;C:\WINDOWS\System32\WindowsPowerShell\v1.0\;C:\WINDOWS\System32\OpenSSH\;C:\Program Files\nodejs\;C:\ProgramData\chocolatey\bin;C:\Program Files\Git\cmd;C:\Program Files\Eclipse Adoptium\jdk-21.0.10.7-hotspot;C:\Program Files\PuTTY\;C:\Program Files\Docker\Docker\resources\bin;C:\Program Files\dotnet\;C:\Users\hands\AppData\Local\Microsoft\WindowsApps;C:\Users\hands\AppData\Local\Programs\Microsoft VS Code\bin;C:\ProgramData\hands\GitHubDesktop\bin;C:\Users\hands\AppData\Local\Muse Hub\lib;C:\Users\hands\AppData\Local\Muse Hub\lib;D:\sdk\platform-tools;D:\sdk\;D:\sdk\emulator;D:\sdk\build-tools;D:\sdk\platforms;C:\Users\hands\AppData\Roaming\npm;C:\Users\hands\AppData\Local\Programs\Ollama;C:\Users\hands\AppData\Local\Programs\Qoder\bin;C:\Program Files\MongoDB\Server\8.2;C:\Program Files\MongoDB\Server\8.2\bin;C:\Users\hands\AppData\Local\Programs\Antigravity\bin;C:\Users\hands\AppData\Local\Programs\Antigravity IDE\bin
USERNAME=hands
OS=Windows_NT
PROCESSOR_IDENTIFIER=AMD64 Family 23 Model 24 Stepping 1, AuthenticAMD
TMP=C:\Users\hands\AppData\Local\Temp
TEMP=C:\Users\hands\AppData\Local\Temp




Periodic native trim disabled

---------------  S Y S T E M  ---------------

OS:
 Windows 11 , 64 bit Build 22621 (10.0.22621.5415)
OS uptime: 11 days 11:55 hours
Hyper-V role detected

CPU: total 8 (initial active 8) (8 cores per cpu, 2 threads per core) family 23 model 24 stepping 1 microcode 0x0, cx8, cmov, fxsr, ht, mmx, 3dnowpref, sse, sse2, sse3, ssse3, sse4a, sse4.1, sse4.2, popcnt, lzcnt, tsc, tscinvbit, avx, avx2, aes, clmul, bmi1, bmi2, adx, sha, fma, vzeroupper, clflush, clflushopt, hv, rdtscp, f16c
Processor Information for the first 8 processors :
  Max Mhz: 2100, Current Mhz: 2100, Mhz Limit: 2100

Memory: 4k page, system-wide physical 6078M (349M free)
TotalPageFile size 20840M (AvailPageFile size 7M)
current process WorkingSet (physical memory assigned to process): 685M, peak: 690M
current process commit charge ("private bytes"): 853M, peak: 908M

vm_info: OpenJDK 64-Bit Server VM (21.0.10+7-LTS) for windows-amd64 JRE (21.0.10+7-LTS), built on 2026-01-20T00:00:00Z by "admin" with MS VC++ 17.12 (VS2022)

END.
